COG0001	435.065063649
COG0002	338.041401274
COG0003	389.997727273
COG0004	441.836165049
COG0005	273.08681672
COG0006	418.84495114
COG0007	262.866983373
COG0008	466.821985234
COG0009	246.56987116
COG0010	313.82731377
COG0011	101.626459144
COG0012	367.006868132
COG0013	814.509386733
COG0014	422.707885305
COG0015	448.839704069
COG0016	354.912917271
COG0017	444.855967078
COG0018	566.618229855
COG0019	420.09624198
COG0020	251.491484185
COG0021	662.96194825
COG0022	329.509063444
COG0023	109.327272727
COG0024	267.127420999
COG0025	496.838365897
COG0026	380.19009901
COG0027	399.70984456
COG0028	559.103075171
COG0029	523.716356108
COG0030	273.581395349
COG0031	325.727695888
COG0033	546.833333333
COG0034	488.586158192
COG0035	213.304347826
COG0036	223.777298851
COG0037	360.626217892
COG0038	454.960493827
COG0039	317.775510204
COG0040	258.299668874
COG0041	169.293023256
COG0042	334.286610879
COG0043	493.956790123
COG0044	437.651185771
COG0045	381.559270517
COG0046	754.82972973
COG0047	628.599369085
COG0048	128.142253521
COG0049	160.398876404
COG0050	389.536585366
COG0051	103.865836791
COG0052	260.673439768
COG0053	315.741258741
COG0054	159.511278195
COG0055	474.160741886
COG0056	513.51486698
COG0057	344.704109589
COG0058	774.107394366
COG0059	353.94909688
COG0060	992.017980636
COG0061	287.234234234
COG0062	232.235294118
COG0063	470.972434916
COG0064	492.729818781
COG0065	451.751660027
COG0066	199.653246753
COG0067	369.689189189
COG0068	739.155932203
COG0069	520.045045045
COG0070	1377.99267399
COG0071	157.54349292
COG0072	555.967213115
COG0073	698.425742574
COG0074	319.706505295
COG0075	382.761513158
COG0076	475.906367041
COG0077	282.897959184
COG0078	318.141935484
COG0079	360.126760563
COG0080	145.153631285
COG0081	230.71932299
COG0082	370.41337386
COG0083	305.4140625
COG0084	262.226332971
COG0085	1184.98264352
COG0086	1283.30474732
COG0087	230.723943662
COG0088	215.557909605
COG0089	97.4745042493
COG0090	271.732673267
COG0091	124.815864023
COG0092	242.994342291
COG0093	123.393511989
COG0094	183.529577465
COG0095	291.59602649
COG0096	131.179125529
COG0097	178.936350778
COG0098	182.761636107
COG0099	127.0
COG0100	130.620738636
COG0101	264.572815534
COG0102	146.910891089
COG0103	138.672292546
COG0104	425.736170213
COG0105	146.380216383
COG0106	245.586601307
COG0107	256.585173502
COG0108	225.474860335
COG0109	307.53930131
COG0110	205.170767004
COG0111	368.592455621
COG0112	422.132678133
COG0113	330.240983607
COG0114	462.192640693
COG0115	298.407596786
COG0116	384.670068027
COG0117	174.15625
COG0118	212.348580442
COG0119	446.120879121
COG0120	228.471604938
COG0121	262.442176871
COG0122	257.218446602
COG0123	339.155492154
COG0124	432.293650794
COG0125	220.442185515
COG0126	397.89818689
COG0127	201.6
COG0128	432.004739336
COG0129	581.697230181
COG0130	295.04437401
COG0131	199.241308793
COG0132	227.995464853
COG0133	404.174311927
COG0134	267.073214286
COG0135	242.702886248
COG0136	348.152031455
COG0137	410.414516129
COG0138	493.020249221
COG0139	130.770308123
COG0140	158.610507246
COG0141	435.045801527
COG0142	320.323349217
COG0143	615.754316069
COG0144	395.019911504
COG0145	639.129817444
COG0146	744.560411311
COG0147	481.634966378
COG0148	423.723178808
COG0149	252.656578947
COG0150	348.049535604
COG0151	432.053876478
COG0152	276.535502959
COG0153	387.221428571
COG0154	479.971297359
COG0155	543.104868914
COG0156	398.440588854
COG0157	287.867716535
COG0158	330.513595166
COG0159	265.758454106
COG0160	437.836313618
COG0161	444.008373206
COG0162	413.450682853
COG0163	196.372262774
COG0164	219.923529412
COG0165	468.242378049
COG0166	510.427406199
COG0167	335.240837696
COG0168	477.855280313
COG0169	276.811083123
COG0170	224.339181287
COG0171	272.308383234
COG0172	426.997271487
COG0173	594.258426966
COG0174	452.379757785
COG0175	292.315508021
COG0176	304.226541555
COG0177	226.394988067
COG0178	968.113131313
COG0179	284.859248342
COG0180	352.46975089
COG0181	315.368243243
COG0182	348.531506849
COG0183	394.004363348
COG0184	96.2971830986
COG0185	97.8948863636
COG0186	92.5481586402
COG0187	692.248120301
COG0188	827.533210332
COG0189	337.47092084
COG0190	289.368131868
COG0191	326.331143233
COG0192	394.841791045
COG0193	198.162379421
COG0194	205.337025316
COG0195	401.774002954
COG0196	313.812297735
COG0197	142.925352113
COG0198	109.257467994
COG0199	83.9230769231
COG0200	150.61212976
COG0201	444.215384615
COG0202	332.379834254
COG0203	140.758785942
COG0204	266.270360111
COG0205	373.052631579
COG0206	405.89084507
COG0207	277.988962472
COG0208	345.0056926
COG0209	818.898623279
COG0210	695.393034826
COG0211	104.936908517
COG0212	201.175609756
COG0213	445.852507375
COG0214	301.824561404
COG0215	472.923558897
COG0216	350.419452888
COG0217	245.727692308
COG0218	209.534516765
COG0219	158.813679245
COG0220	245.610320285
COG0221	178.480144404
COG0222	129.428794992
COG0223	306.557251908
COG0224	293.876352396
COG0225	196.31424581
COG0226	334.398320896
COG0227	75.976340694
COG0228	109.309294872
COG0229	179.507309942
COG0230	46.6837606838
COG0231	181.532484076
COG0232	413.496981891
COG0233	185.055910543
COG0234	100.209125475
COG0235	236.353798127
COG0236	89.3261437908
COG0237	206.776824034
COG0238	83.919047619
COG0239	130.160583942
COG0240	338.837349398
COG0241	231.4
COG0242	180.150943396
COG0243	746.738440304
COG0244	192.643564356
COG0245	162.597087379
COG0246	459.398496241
COG0247	385.161425577
COG0248	414.618598383
COG0249	800.959610028
COG0250	192.896589659
COG0251	143.592986185
COG0252	334.326810176
COG0253	281.235099338
COG0254	79.5130813953
COG0255	70.1502276176
COG0256	127.770981508
COG0257	39.2057245081
COG0258	309.198347107
COG0259	212.441102757
COG0260	488.334862385
COG0261	109.483333333
COG0262	182.133393017
COG0263	356.036363636
COG0264	270.864649682
COG0265	421.082677165
COG0266	277.933908046
COG0267	54.2421991085
COG0268	90.1882160393
COG0269	217.245283019
COG0270	399.684515195
COG0271	94.5676470588
COG0272	670.745689655
COG0274	245.14556962
COG0275	312.666666667
COG0276	348.281853282
COG0277	538.915799432
COG0278	111.796666667
COG0279	201.658932715
COG0280	323.224913495
COG0281	573.914285714
COG0282	393.664804469
COG0283	248.627906977
COG0284	250.915662651
COG0285	433.387631976
COG0286	558.239704329
COG0287	319.194642857
COG0288	216.209762533
COG0289	257.72456964
COG0290	178.275316456
COG0291	66.8444816054
COG0292	119.9552
COG0293	216.316151203
COG0294	327.009383378
COG0295	158.710588235
COG0296	629.320121951
COG0297	449.998680739
COG0298	86.8637770898
COG0299	218.736245955
COG0300	263.830842391
COG0301	373.705357143
COG0302	208.212802768
COG0303	410.302142052
COG0304	412.643678161
COG0305	455.111244019
COG0306	406.308282209
COG0307	210.074750831
COG0308	725.1073903
COG0309	340.043367347
COG0310	242.343373494
COG0311	198.796078431
COG0312	464.820037106
COG0313	272.582025678
COG0314	152.088992974
COG0315	163.318446602
COG0316	115.72832981
COG0317	599.137235116
COG0318	523.536478332
COG0319	158.609195402
COG0320	312.411347518
COG0321	232.354120267
COG0322	578.836986301
COG0323	609.928571429
COG0324	310.721183801
COG0325	232.803630363
COG0326	638.727078891
COG0327	270.621176471
COG0328	177.731511254
COG0329	302.466397849
COG0330	329.178090217
COG0331	311.705357143
COG0332	342.432055749
COG0333	60.2901554404
COG0334	416.449766355
COG0335	122.731942215
COG0336	248.315525876
COG0337	367.468395462
COG0338	275.570155902
COG0339	682.613583138
COG0340	260.940909091
COG0341	323.241650295
COG0342	609.948071217
COG0343	386.97716895
COG0344	206.790654206
COG0345	269.111918605
COG0346	160.941276596
COG0347	120.479439252
COG0348	402.508012821
COG0349	324.346698113
COG0350	171.181021898
COG0351	273.373702422
COG0352	235.016497462
COG0353	200.479452055
COG0354	318.935860058
COG0355	128.56202144
COG0356	268.416408669
COG0357	222.67218543
COG0358	558.132780083
COG0359	156.65210356
COG0360	121.514423077
COG0361	78.3722998729
COG0362	476.930909091
COG0363	253.228070175
COG0364	493.264990329
COG0365	599.183246073
COG0366	591.901564537
COG0367	574.473516949
COG0368	255.04679803
COG0369	544.670833333
COG0370	639.641666667
COG0371	366.322884013
COG0372	397.737068966
COG0373	417.795096322
COG0374	533.022801303
COG0375	119.309148265
COG0376	701.699367089
COG0377	190.269026549
COG0378	234.886524823
COG0379	339.048327138
COG0380	485.991489362
COG0381	370.386185243
COG0382	299.483905579
COG0383	963.472636816
COG0384	283.409381663
COG0385	314.618448637
COG0386	173.052256532
COG0387	364.327272727
COG0388	364.942236354
COG0389	412.809971778
COG0390	257.225490196
COG0391	358.032745592
COG0392	346.195187166
COG0393	129.764367816
COG0394	159.446750903
COG0395	289.620767494
COG0396	254.164983165
COG0397	491.393728223
COG0398	233.079229122
COG0399	382.533378747
COG0400	240.866419295
COG0401	57.0446428571
COG0402	429.809948033
COG0403	446.95412844
COG0404	376.266875981
COG0405	555.566761364
COG0406	222.355953905
COG0407	353.303178484
COG0408	305.989761092
COG0409	366.408450704
COG0410	240.812613705
COG0411	261.882129278
COG0412	272.658823529
COG0413	274.399647887
COG0414	299.487378641
COG0415	454.323129252
COG0416	343.348336595
COG0417	707.80859375
COG0418	344.767567568
COG0419	926.918674699
COG0420	399.986820428
COG0421	328.043557169
COG0422	526.949820789
COG0423	505.222996516
COG0424	199.965006729
COG0425	103.51193634
COG0426	342.38147139
COG0427	474.180952381
COG0428	261.214936248
COG0429	337.747524752
COG0430	350.641666667
COG0431	195.377440347
COG0432	138.791666667
COG0433	619.635832522
COG0434	274.0
COG0435	327.686915888
COG0436	398.385239567
COG0437	305.9915754
COG0438	400.910168883
COG0439	455.464673913
COG0440	167.958813839
COG0441	610.785454545
COG0442	534.450359712
COG0443	613.192173305
COG0444	328.1875
COG0445	621.0856102
COG0446	464.115750916
COG0447	285.188811189
COG0448	410.194323144
COG0449	583.245121951
COG0450	199.337349398
COG0451	326.849422532
COG0452	366.335064935
COG0454	181.666666667
COG0455	338.783333333
COG0456	192.774909569
COG0457	462.206256273
COG0458	992.588772846
COG0459	542.957209302
COG0460	406.041970803
COG0461	214.3085554
COG0462	315.783687943
COG0463	325.331430901
COG0464	505.770642202
COG0465	617.274038462
COG0466	775.552975327
COG0467	340.634796238
COG0468	336.876941458
COG0469	474.483282675
COG0470	383.09079118
COG0471	486.617059891
COG0472	359.50722175
COG0473	360.23466407
COG0474	867.971104231
COG0475	427.273809524
COG0476	296.561868687
COG0477	468.988667026
COG0478	301.628205128
COG0479	317.787663108
COG0480	689.12456446
COG0481	602.889240506
COG0482	367.821538462
COG0483	273.630782918
COG0484	335.301176471
COG0486	449.008038585
COG0488	570.899287411
COG0489	307.076177285
COG0490	439.022222222
COG0491	272.299027298
COG0492	320.918821839
COG0493	482.801342282
COG0494	191.409378961
COG0495	859.813513514
COG0496	258.587412587
COG0497	563.329738059
COG0498	416.934054054
COG0499	444.816071429
COG0500	265.779969651
COG0501	347.44023514
COG0502	359.36
COG0503	196.61037234
COG0504	536.289325843
COG0505	384.272588055
COG0506	329.005102041
COG0507	741.587855297
COG0508	434.607019959
COG0509	133.458914729
COG0510	312.339041096
COG0511	175.94184168
COG0512	251.947103275
COG0513	494.954087346
COG0514	648.687296417
COG0515	556.551311857
COG0516	357.075221239
COG0517	310.203043272
COG0518	234.356713427
COG0519	496.530434783
COG0520	413.569739953
COG0521	188.12106136
COG0522	201.668909825
COG0523	359.07891492
COG0524	315.799352751
COG0525	898.675487465
COG0526	207.935442221
COG0527	488.040650407
COG0528	242.275956284
COG0529	202.145907473
COG0530	332.780155642
COG0531	495.225822532
COG0532	816.843806104
COG0533	343.084548105
COG0534	455.975918122
COG0535	367.878867676
COG0536	387.663461538
COG0537	142.694292416
COG0538	413.568831169
COG0539	470.89135255
COG0540	316.230652504
COG0541	465.750362845
COG0542	813.84522293
COG0543	309.844702467
COG0544	444.826356589
COG0545	214.221598878
COG0546	229.729066986
COG0547	347.112418301
COG0548	287.147783251
COG0549	309.4
COG0550	677.193037975
COG0551	654.507751938
COG0552	371.516516517
COG0553	924.323561346
COG0554	496.923076923
COG0555	276.101333333
COG0556	680.013657056
COG0557	709.574155653
COG0558	215.505691057
COG0559	313.232543242
COG0560	281.116461366
COG0561	284.244882487
COG0562	406.966442953
COG0563	206.928406467
COG0564	301.765386959
COG0565	251.742268041
COG0566	256.74025974
COG0567	994.6
COG0568	409.213060686
COG0569	359.197435897
COG0571	241.830045524
COG0572	274.098113208
COG0573	333.182370821
COG0574	614.221153846
COG0575	260.681933842
COG0576	211.661935484
COG0577	574.347856641
COG0578	525.357142857
COG0579	446.273182957
COG0580	251.79316888
COG0581	335.070901034
COG0582	372.190490988
COG0583	303.052765237
COG0584	293.090080972
COG0585	381.991304348
COG0586	215.274024738
COG0587	1086.81929047
COG0588	236.785294118
COG0589	234.845418775
COG0590	166.380104712
COG0591	521.691871456
COG0592	370.753173484
COG0593	400.212189616
COG0594	125.305699482
COG0595	549.345631068
COG0596	308.61212322
COG0597	175.365217391
COG0598	334.748510131
COG0599	141.55707196
COG0600	277.711754282
COG0601	325.794294898
COG0602	213.2125
COG0603	249.170974155
COG0604	326.818477818
COG0605	209.562674095
COG0606	476.950877193
COG0607	233.426804124
COG0608	585.854046243
COG0609	357.060662914
COG0610	959.180084746
COG0611	324.27340824
COG0612	548.777408638
COG0613	316.057971014
COG0614	332.603484688
COG0615	165.689189189
COG0616	394.796171171
COG0617	438.783264746
COG0618	428.273204904
COG0619	260.250863061
COG0620	504.99845679
COG0621	450.439041579
COG0622	174.115151515
COG0623	263.208711434
COG0624	412.10894597
COG0625	220.712381771
COG0626	395.063985375
COG0627	311.333333333
COG0628	375.55509723
COG0629	155.749172185
COG0630	529.220496894
COG0631	364.896666667
COG0632	215.194847021
COG0633	138.227330779
COG0634	191.261904762
COG0635	415.001956947
COG0636	116.239726027
COG0637	229.091346154
COG0638	244.344827586
COG0639	269.916929548
COG0640	142.358675976
COG0641	408.178970917
COG0642	448.824110672
COG0643	563.714285714
COG0644	423.362831858
COG0645	185.044692737
COG0646	342.594827586
COG0647	275.28540305
COG0648	282.657568238
COG0649	403.706498952
COG0650	307.188679245
COG0651	537.710888611
COG0652	218.34960071
COG0653	903.7585693
COG0654	434.689035917
COG0655	205.914494265
COG0656	277.959026889
COG0657	318.200290276
COG0658	596.495967742
COG0659	544.256382979
COG0661	526.414868106
COG0662	150.6380182
COG0663	190.343705799
COG0664	239.646507115
COG0665	430.122048998
COG0666	364.153384747
COG0667	324.533712429
COG0668	373.28115216
COG0669	163.871287129
COG0670	234.272493573
COG0671	264.532167832
COG0672	351.28125
COG0673	370.343034756
COG0674	378.402247191
COG0675	384.47861605
COG0676	296.830508475
COG0677	427.910614525
COG0678	167.246478873
COG0679	309.030263158
COG0680	172.080275229
COG0681	259.542738589
COG0682	290.056022409
COG0683	412.132588454
COG0684	227.307557118
COG0685	322.005797101
COG0686	372.801324503
COG0687	365.730964467
COG0688	260.795366795
COG0689	247.254201681
COG0690	92.4899328859
COG0691	156.776898734
COG0692	229.485488127
COG0693	208.991319444
COG0694	141.686721992
COG0695	121.004008016
COG0696	507.484536082
COG0697	305.469539711
COG0698	160.032882012
COG0699	638.136456212
COG0700	175.192771084
COG0701	339.962809917
COG0702	287.195833333
COG0703	217.759825328
COG0704	247.698646986
COG0705	269.737721022
COG0706	462.298507463
COG0707	364.896328294
COG0708	267.441247002
COG0709	345.651162791
COG0710	281.073033708
COG0711	178.002512563
COG0712	196.753311258
COG0713	102.853432282
COG0714	343.627062706
COG0715	352.1765
COG0716	167.938650307
COG0717	202.859778598
COG0718	110.074750831
COG0719	438.207939509
COG0720	152.356725146
COG0721	103.261484099
COG0722	357.893617021
COG0723	249.9703125
COG0724	113.165116279
COG0725	270.578581363
COG0726	321.506702413
COG0727	185.933823529
COG0728	531.844301766
COG0729	584.115254237
COG0730	267.376425856
COG0731	312.513157895
COG0732	410.774120318
COG0733	469.78436019
COG0735	148.864666667
COG0736	131.981595092
COG0737	555.850914205
COG0738	424.645801527
COG0739	380.290012804
COG0740	221.383451957
COG0741	339.267353952
COG0742	203.420658683
COG0743	391.378326996
COG0744	628.04707113
COG0745	216.150772915
COG0746	214.27938343
COG0747	550.286053883
COG0748	190.459016393
COG0749	864.500721501
COG0750	420.722506394
COG0751	693.385365854
COG0752	331.23364486
COG0753	534.720338983
COG0754	414.830985915
COG0755	298.411184211
COG0756	153.837209302
COG0757	151.025193798
COG0758	357.028052805
COG0759	92.3811188811
COG0760	402.875927175
COG0761	358.392226148
COG0762	122.65106383
COG0763	386.800904977
COG0764	169.962148962
COG0765	252.490646713
COG0766	425.631884058
COG0767	282.988422576
COG0768	616.214814815
COG0769	538.303766707
COG0770	471.930981595
COG0771	456.61516035
COG0772	412.005481597
COG0773	467.761266748
COG0774	328.441396509
COG0775	299.006837607
COG0776	104.081415929
COG0777	294.622171946
COG0778	238.691272052
COG0779	168.235507246
COG0780	143.237704918
COG0781	279.105577689
COG0782	160.562437562
COG0783	167.211091234
COG0784	218.20248538
COG0785	290.264529058
COG0786	418.270967742
COG0787	400.505665722
COG0788	287.41813602
COG0789	176.188201231
COG0790	373.692464358
COG0791	279.617728532
COG0792	129.398537477
COG0793	493.575308642
COG0794	295.577075099
COG0795	383.425149701
COG0796	272.861367837
COG0797	224.320334262
COG0798	349.464367816
COG0799	130.729310345
COG0800	216.164410058
COG0801	176.558974359
COG0802	161.174657534
COG0803	322.076154806
COG0804	566.797520661
COG0805	288.706645057
COG0806	178.48630137
COG0807	359.327249022
COG0809	353.469244288
COG0810	287.921273032
COG0811	245.542528736
COG0812	325.918006431
COG0813	236.078787879
COG0814	414.68705036
COG0815	518.866666667
COG0816	148.815748031
COG0817	175.373287671
COG0818	140.336814621
COG0819	236.080291971
COG0820	364.8
COG0821	403.040665434
COG0822	153.948678072
COG0823	494.051792829
COG0824	148.799701046
COG0825	354.105566219
COG0826	478.652759085
COG0827	484.553278689
COG0828	68.0297029703
COG0829	279.887931034
COG0830	233.432900433
COG0831	101.23255814
COG0832	133.917355372
COG0833	475.557788945
COG0834	290.232881474
COG0835	217.250783699
COG0836	416.150579151
COG0837	329.25106383
COG0838	128.077348066
COG0839	191.919266055
COG0840	561.678542941
COG0841	1025.14969136
COG0842	300.111943587
COG0843	585.498730964
COG0845	408.877885184
COG0846	283.526315789
COG0847	304.830122592
COG0848	148.344452502
COG0849	451.406998158
COG0850	237.895622896
COG0851	90.758490566
COG0852	268.041009464
COG0853	127.905236908
COG0854	247.839142091
COG0855	705.014403292
COG0856	206.510204082
COG0857	569.933333333
COG0858	131.17447496
COG0859	388.297803092
COG0860	385.793565684
COG0861	282.201072386
COG0863	355.95620438
COG0864	124.68119891
COG1001	572.351778656
COG1002	1083.70844687
COG1003	761.129158513
COG1004	431.56980057
COG1005	359.746059545
COG1006	126.179220779
COG1007	493.579136691
COG1008	512.865693431
COG1009	628.191176471
COG1010	275.56185567
COG1011	226.566789668
COG1012	496.920549178
COG1013	302.373278237
COG1014	335.667368421
COG1015	392.87434555
COG1017	230.712765957
COG1018	304.032762472
COG1019	158.55
COG1020	1326.60101868
COG1021	551.075471698
COG1022	610.870535714
COG1023	312.230769231
COG1024	276.422596754
COG1025	914.507246377
COG1026	952.075949367
COG1027	470.240816327
COG1028	262.279476804
COG1029	430.744444444
COG1030	390.194244604
COG1031	549.350649351
COG1032	526.575520833
COG1033	802.017467249
COG1034	658.310055866
COG1035	377.168224299
COG1036	229.406976744
COG1038	997.518716578
COG1039	308.05
COG1040	287.579172611
COG1041	328.968253968
COG1042	691.752834467
COG1043	261.808695652
COG1044	335.974903475
COG1045	242.847240051
COG1047	177.965853659
COG1048	833.410130719
COG1049	853.098522167
COG1051	171.912034799
COG1052	333.696521739
COG1053	575.801344287
COG1054	313.17472119
COG1055	430.677187948
COG1056	213.053691275
COG1057	220.645590682
COG1058	274.806324111
COG1059	224.155555556
COG1060	415.813627255
COG1061	669.576502732
COG1062	363.346072187
COG1063	359.597214485
COG1064	338.452476573
COG1066	456.249146758
COG1067	681.712765957
COG1069	542.814102564
COG1070	489.722814499
COG1071	426.050160085
COG1072	312.035928144
COG1073	326.837150127
COG1074	1089.43143813
COG1075	353.727411945
COG1076	224.677304965
COG1077	343.853197674
COG1078	431.402597403
COG1079	320.588486141
COG1080	736.178368121
COG1082	295.952506596
COG1083	237.421383648
COG1084	336.82278481
COG1085	344.577464789
COG1086	499.022727273
COG1087	326.838571429
COG1088	341.943708609
COG1089	346.44836272
COG1090	303.70212766
COG1091	290.566284779
COG1092	429.998281787
COG1093	352.273504274
COG1094	189.361445783
COG1095	189.903614458
COG1096	206.87037037
COG1097	266.777777778
COG1098	184.616
COG1099	285.564102564
COG1100	267.01618123
COG1101	257.654676259
COG1102	213.774193548
COG1103	405.305555556
COG1104	390.937246964
COG1105	313.819628647
COG1106	429.082437276
COG1107	616.675324675
COG1108	291.494747899
COG1109	479.152628246
COG1110	1163.33333333
COG1111	619.909090909
COG1112	994.693877551
COG1113	464.073558648
COG1114	427.391304348
COG1115	478.809009009
COG1116	277.954459203
COG1117	265.317164179
COG1118	344.854460094
COG1119	349.106666667
COG1120	274.490625
COG1121	259.336094675
COG1122	328.978704525
COG1123	463.260869565
COG1124	247.654205607
COG1125	325.325925926
COG1126	255.120403749
COG1127	266.814144737
COG1129	467.531024531
COG1131	311.511415525
COG1132	600.208839493
COG1133	403.566666667
COG1134	342.888454012
COG1135	319.44973545
COG1136	260.91019495
COG1137	247.981818182
COG1138	658.93968254
COG1139	484.452662722
COG1140	489.461988304
COG1141	94.2290836653
COG1142	242.718543046
COG1143	275.970331588
COG1144	257.260683761
COG1145	388.333333333
COG1146	234.781576448
COG1148	513.707943925
COG1149	286.288939052
COG1150	323.168032787
COG1151	553.772594752
COG1152	543.745454545
COG1153	185.467741935
COG1154	627.363321799
COG1155	588.005586592
COG1156	461.365591398
COG1157	447.465473146
COG1158	478.056798623
COG1159	314.688963211
COG1160	458.693907875
COG1161	313.6
COG1162	330.465827338
COG1163	366.290322581
COG1164	591.332568807
COG1165	576.22310757
COG1166	625.755434783
COG1167	453.296074518
COG1168	380.374125874
COG1169	427.984177215
COG1171	394.092272203
COG1172	337.882581649
COG1173	323.727272727
COG1174	246.611398964
COG1175	320.723780254
COG1176	300.299565847
COG1177	282.007453416
COG1178	560.422839506
COG1179	258.414342629
COG1180	298.61595092
COG1181	363.713976165
COG1182	205.432432432
COG1183	252.060665362
COG1184	318.131578947
COG1185	703.898550725
COG1186	296.054678007
COG1187	284.230639731
COG1188	131.197080292
COG1189	263.263707572
COG1190	511.937833037
COG1191	254.427331887
COG1192	277.689722358
COG1193	640.344186047
COG1194	341.728971963
COG1195	379.4140625
COG1196	899.734042553
COG1197	1135.38016529
COG1198	751.983102919
COG1199	709.928455285
COG1200	704.750853242
COG1201	1011.89852008
COG1202	553.257142857
COG1203	817.710144928
COG1204	795.280898876
COG1205	1118.04924242
COG1206	449.004310345
COG1207	432.429936306
COG1208	349.494232476
COG1209	293.244956772
COG1210	295.113513514
COG1211	274.340567613
COG1212	250.94629156
COG1213	310.826771654
COG1214	235.466666667
COG1215	387.566195373
COG1216	375.427304965
COG1217	607.8113879
COG1218	273.205696203
COG1219	419.460294118
COG1220	450.812010444
COG1221	725.15
COG1222	614.943231441
COG1223	422.333333333
COG1224	450.413793103
COG1225	185.206743003
COG1226	517.618947368
COG1227	356.912698413
COG1228	478.58294283
COG1229	565.25974026
COG1230	289.588145897
COG1231	475.267912773
COG1232	461.63071298
COG1233	499.46051168
COG1234	287.341394026
COG1235	271.721763085
COG1236	445.675531915
COG1237	266.705357143
COG1238	177.259587021
COG1239	416.282700422
COG1240	607.348039216
COG1241	713.33
COG1242	315.587209302
COG1243	473.770992366
COG1244	331.378378378
COG1245	472.230769231
COG1246	257.55511022
COG1247	223.481171548
COG1249	474.908188586
COG1250	503.518115942
COG1251	592.507692308
COG1252	434.888888889
COG1253	416.393983859
COG1254	113.332608696
COG1255	135.756756757
COG1256	582.2
COG1257	429.128865979
COG1258	418.734939759
COG1259	171.156862745
COG1260	382.454545455
COG1261	246.638132296
COG1262	438.818773234
COG1263	411.027027027
COG1264	441.344594595
COG1266	277.07480315
COG1267	168.043343653
COG1268	193.208219178
COG1269	653.969543147
COG1270	319.004716981
COG1271	477.178694158
COG1272	223.921212121
COG1273	295.349056604
COG1274	613.870588235
COG1275	346.301675978
COG1276	324.421052632
COG1277	354.241685144
COG1278	86.7351543943
COG1279	204.165853659
COG1280	208.1065852
COG1281	301.33427762
COG1282	464.421538462
COG1283	518.616129032
COG1284	277.445190157
COG1285	206.159493671
COG1286	203.45368171
COG1287	792.036866359
COG1288	480.409722222
COG1289	638.199507389
COG1290	384.75106383
COG1291	267.850971922
COG1292	553.922772277
COG1293	558.127906977
COG1294	347.570902394
COG1295	335.241540257
COG1296	239.164102564
COG1297	642.21969697
COG1298	687.126470588
COG1299	367.943396226
COG1300	283.775735294
COG1301	431.232616941
COG1302	149.791878173
COG1303	182.257142857
COG1304	374.633187773
COG1305	479.010534846
COG1306	457.130434783
COG1307	286.479910714
COG1308	122.942528736
COG1309	210.922182821
COG1310	181.0
COG1311	510.257575758
COG1312	375.375
COG1313	316.007462687
COG1314	109.218867925
COG1315	554.611111111
COG1316	425.377125193
COG1317	252.551515152
COG1318	188.339622642
COG1319	296.683168317
COG1320	118.379888268
COG1321	196.61634103
COG1322	449.375586854
COG1323	400.402061856
COG1324	112.944444444
COG1325	145.789473684
COG1326	215.913793103
COG1327	184.027290448
COG1328	654.334346505
COG1329	180.685714286
COG1330	1125.35220126
COG1331	588.659919028
COG1332	392.426229508
COG1333	614.040955631
COG1334	127.411428571
COG1335	206.561414791
COG1336	310.557522124
COG1337	382.578544061
COG1338	254.076923077
COG1339	198.283783784
COG1340	393.495867769
COG1341	362.480769231
COG1342	132.372262774
COG1343	93.9192708333
COG1344	394.406080347
COG1345	556.827044025
COG1346	229.634146341
COG1347	214.725
COG1348	287.545454545
COG1349	252.270888303
COG1350	442.952380952
COG1351	297.581314879
COG1352	309.304034582
COG1353	726.136585366
COG1354	274.284294235
COG1355	285.775
COG1356	147.738095238
COG1357	302.850849591
COG1358	109.01754386
COG1359	121.366568915
COG1360	293.026722925
COG1361	806.106017192
COG1362	444.465240642
COG1363	354.898488121
COG1364	404.002232143
COG1365	307.823529412
COG1366	154.136908963
COG1367	385.594594595
COG1368	643.976190476
COG1369	145.53030303
COG1370	277.686746988
COG1371	144.961538462
COG1372	1050.76978417
COG1373	395.944099379
COG1374	169.103448276
COG1376	289.268374165
COG1377	358.528645833
COG1378	284.095846645
COG1379	634.35106383
COG1380	129.443037975
COG1381	248.657894737
COG1382	142.465909091
COG1383	70.3411764706
COG1384	515.551851852
COG1385	244.04290429
COG1386	228.403225806
COG1387	273.272264631
COG1388	402.319935691
COG1389	634.459770115
COG1390	200.834437086
COG1391	960.818493151
COG1392	227.312335958
COG1393	125.446475196
COG1394	213.319587629
COG1395	267.327433628
COG1396	191.21797153
COG1397	361.442013129
COG1398	319.194078947
COG1399	177.441634241
COG1400	95.5875
COG1401	646.624161074
COG1402	257.369458128
COG1403	249.246808511
COG1404	678.25984252
COG1405	296.064935065
COG1406	167.134751773
COG1407	254.082969432
COG1408	344.578207381
COG1409	400.20979021
COG1410	861.531986532
COG1411	238.709090909
COG1412	134.75862069
COG1413	448.1545961
COG1414	261.219910847
COG1415	375.571428571
COG1416	148.68202765
COG1417	226.0
COG1418	325.220461095
COG1419	438.673819742
COG1420	342.93255814
COG1421	149.75
COG1422	235.397260274
COG1423	355.309090909
COG1424	270.347826087
COG1426	277.668008048
COG1427	268.8359375
COG1428	223.838862559
COG1429	1284.38522427
COG1430	158.085872576
COG1431	663.294117647
COG1432	248.93442623
COG1433	184.929173693
COG1434	242.744382022
COG1435	207.282894737
COG1436	107.236842105
COG1437	196.506666667
COG1438	159.261363636
COG1439	157.211764706
COG1440	103.349206349
COG1441	329.88
COG1442	348.696132597
COG1443	194.185770751
COG1444	666.431818182
COG1445	343.591836735
COG1446	319.953736655
COG1447	108.105590062
COG1448	399.175925926
COG1449	633.383333333
COG1450	645.219444444
COG1451	219.197802198
COG1452	745.058823529
COG1453	376.63878327
COG1454	451.032955716
COG1455	435.660079051
COG1456	377.313043478
COG1457	471.953271028
COG1458	216.265306122
COG1459	394.944658945
COG1460	114.8125
COG1461	419.234265734
COG1462	322.115646259
COG1463	325.599147122
COG1464	273.99790795
COG1465	357.53164557
COG1466	338.910828025
COG1467	373.757894737
COG1468	244.552429668
COG1469	289.552173913
COG1470	698.02994012
COG1471	242.493975904
COG1472	636.265
COG1473	405.606265876
COG1474	451.820689655
COG1475	359.930232558
COG1476	125.927474403
COG1477	328.001831502
COG1478	321.248677249
COG1479	509.037333333
COG1480	714.212121212
COG1481	314.823529412
COG1482	377.733974359
COG1483	1007.99029126
COG1484	259.029862175
COG1485	368.026819923
COG1486	440.24535316
COG1487	132.369662921
COG1488	435.588967972
COG1489	238.817120623
COG1490	148.334090909
COG1491	202.855421687
COG1492	501.787179487
COG1493	283.85198556
COG1494	332.314935065
COG1495	173.160535117
COG1496	253.432653061
COG1497	269.14516129
COG1498	352.357142857
COG1499	316.808510638
COG1500	234.256097561
COG1501	769.983213429
COG1502	461.078512397
COG1503	370.21025641
COG1504	124.34375
COG1505	684.524444444
COG1506	623.245614035
COG1507	188.127906977
COG1508	470.391011236
COG1509	406.655526992
COG1510	183.868421053
COG1511	687.110220441
COG1512	302.751937984
COG1513	146.95049505
COG1514	187.315286624
COG1515	228.469298246
COG1516	141.355481728
COG1517	443.658536585
COG1518	328.028089888
COG1519	422.888594164
COG1520	544.656481481
COG1521	255.346391753
COG1522	170.19423955
COG1523	777.155722326
COG1524	446.24260355
COG1525	225.304744526
COG1526	274.157384988
COG1527	346.04
COG1528	171.201465201
COG1529	737.722222222
COG1530	683.514018692
COG1531	90.9591836735
COG1532	63.3
COG1533	344.434607646
COG1534	106.542662116
COG1535	211.277777778
COG1536	341.856353591
COG1537	353.022988506
COG1538	469.458215074
COG1539	146.054003724
COG1540	252.867109635
COG1541	437.467625899
COG1542	589.333333333
COG1543	554.404761905
COG1544	155.549497848
COG1545	153.649667406
COG1546	277.968553459
COG1547	163.028089888
COG1548	340.438596491
COG1549	447.946808511
COG1550	99.8227848101
COG1551	77.902173913
COG1552	99.3956043956
COG1553	125.507246377
COG1554	808.04109589
COG1555	239.739285714
COG1556	215.81124498
COG1558	141.105571848
COG1559	356.977272727
COG1560	306.178963893
COG1561	293.720101781
COG1562	304.077060932
COG1563	135.432098765
COG1564	222.338709677
COG1565	373.831417625
COG1566	374.182741117
COG1567	328.857142857
COG1568	400.46
COG1569	142.03515625
COG1570	451.079173838
COG1571	370.157534247
COG1572	854.555555556
COG1573	239.870114943
COG1574	541.449090909
COG1575	304.015
COG1576	155.023310023
COG1577	324.621145374
COG1578	309.540322581
COG1579	275.288
COG1580	168.888888889
COG1581	95.9195402299
COG1582	76.9795918367
COG1583	250.06918239
COG1584	200.441558442
COG1585	149.662125341
COG1586	176.097633136
COG1587	327.398044693
COG1588	106.103896104
COG1589	277.863468635
COG1590	206.3
COG1591	147.683544304
COG1592	175.846153846
COG1593	437.844243792
COG1594	184.018867925
COG1595	209.653679654
COG1596	376.7
COG1597	321.343835616
COG1598	90.1541725601
COG1599	377.516304348
COG1600	352.883548983
COG1601	136.481481481
COG1602	399.882978723
COG1603	225.852459016
COG1604	390.919191919
COG1605	248.485119048
COG1606	282.290178571
COG1607	160.273026316
COG1608	259.288888889
COG1609	339.287289611
COG1610	150.597674419
COG1611	250.347525892
COG1612	348.516129032
COG1613	343.221311475
COG1614	608.152777778
COG1615	937.994186047
COG1617	164.423728814
COG1618	206.419354839
COG1619	321.591891892
COG1620	538.579470199
COG1621	485.255892256
COG1622	283.771777003
COG1623	363.673684211
COG1624	278.791798107
COG1625	439.87804878
COG1626	512.875968992
COG1627	460.928571429
COG1628	191.786516854
COG1629	972.650893796
COG1630	369.349206349
COG1631	92.156626506
COG1632	197.698795181
COG1633	223.515966387
COG1634	225.382716049
COG1635	283.395604396
COG1636	233.159090909
COG1637	268.67027027
COG1638	339.332429991
COG1639	325.116564417
COG1640	613.902298851
COG1641	385.53539823
COG1643	1064.69885057
COG1644	66.1707317073
COG1645	198.465909091
COG1646	245.439189189
COG1647	290.195652174
COG1648	324.978678038
COG1649	538.088825215
COG1650	338.230769231
COG1651	249.3441331
COG1652	347.38030888
COG1653	456.341429563
COG1654	322.042471042
COG1655	257.770833333
COG1656	197.229007634
COG1657	601.479338843
COG1658	183.556701031
COG1659	283.914634146
COG1660	292.582697201
COG1661	152.12
COG1662	96.9322709163
COG1663	346.352941176
COG1664	179.320574163
COG1665	313.050847458
COG1666	161.996688742
COG1667	347.333333333
COG1668	423.088729017
COG1669	115.610541728
COG1670	229.339023558
COG1671	153.634782609
COG1672	512.808080808
COG1673	160.365079365
COG1674	854.710467706
COG1675	176.064102564
COG1676	243.349056604
COG1677	105.952380952
COG1678	192.758208955
COG1679	398.725
COG1680	450.887218045
COG1681	240.317241379
COG1682	280.961165049
COG1683	166.890510949
COG1684	261.035502959
COG1685	282.652173913
COG1686	389.75980975
COG1687	107.411764706
COG1688	251.310344828
COG1689	332.789473684
COG1690	446.400479616
COG1691	255.585253456
COG1692	262.847533632
COG1693	342.6875
COG1694	125.143209877
COG1695	147.983311938
COG1696	472.576601671
COG1697	390.116504854
COG1698	91.2950819672
COG1699	149.88590604
COG1700	681.25
COG1701	255.12
COG1702	335.086805556
COG1703	335.750759878
COG1704	200.880597015
COG1705	353.540540541
COG1706	377.498141264
COG1707	226.291666667
COG1708	160.958466454
COG1709	235.4
COG1710	252.357142857
COG1711	246.974025974
COG1712	266.587628866
COG1713	235.376404494
COG1714	230.237241379
COG1715	328.630952381
COG1716	372.209263854
COG1717	168.024096386
COG1718	294.184782609
COG1719	217.778301887
COG1720	182.590604027
COG1721	364.700282752
COG1722	82.2622309198
COG1723	277.323076923
COG1724	75.8743169399
COG1725	156.86036961
COG1726	448.36036036
COG1727	119.168674699
COG1728	147.15
COG1729	467.666172107
COG1730	159.577777778
COG1731	154.543478261
COG1732	363.340764331
COG1733	134.816029144
COG1734	139.514800515
COG1735	325.830188679
COG1736	333.719512195
COG1737	286.509157509
COG1738	232.508143322
COG1739	201.618666667
COG1740	363.863157895
COG1741	273.791666667
COG1742	110.908108108
COG1743	807.716129032
COG1744	363.978798587
COG1745	90.4594594595
COG1746	430.529411765
COG1747	837.684210526
COG1748	388.082857143
COG1749	515.56097561
COG1750	560.763636364
COG1751	191.7
COG1752	391.814453125
COG1753	78.7027027027
COG1754	872.53030303
COG1755	178.37037037
COG1756	225.090909091
COG1757	486.14
COG1758	88.7427536232
COG1759	359.125
COG1760	392.359615385
COG1761	94.2409638554
COG1762	246.538793103
COG1763	219.561728395
COG1764	144.889081456
COG1765	167.281869688
COG1766	551.276162791
COG1767	294.513227513
COG1768	239.957446809
COG1769	371.731343284
COG1770	688.938053097
COG1771	482.166666667
COG1772	184.421052632
COG1773	120.751046025
COG1774	331.254032258
COG1775	398.271653543
COG1776	237.476190476
COG1777	206.732142857
COG1778	187.616766467
COG1779	186.379310345
COG1780	165.641509434
COG1781	175.305732484
COG1782	641.709302326
COG1783	411.287128713
COG1784	407.017857143
COG1785	498.950381679
COG1786	185.204545455
COG1787	334.361111111
COG1788	250.62
COG1790	201.875
COG1791	182.237623762
COG1792	297.982
COG1793	430.263803681
COG1794	234.711191336
COG1795	228.805825243
COG1796	533.054298643
COG1797	464.300236407
COG1798	262.708860759
COG1799	171.866666667
COG1800	490.3125
COG1801	272.205128205
COG1802	234.440283401
COG1803	170.703056769
COG1804	400.424694708
COG1805	389.906542056
COG1806	275.441860465
COG1807	570.817413356
COG1808	417.917050691
COG1809	269.620253165
COG1810	242.369565217
COG1811	233.813793103
COG1812	396.048076923
COG1813	209.297385621
COG1814	261.961813842
COG1815	133.23255814
COG1816	375.281481481
COG1817	357.263736264
COG1818	247.0
COG1819	406.635849057
COG1820	380.69
COG1821	326.033333333
COG1822	373.35
COG1823	453.054054054
COG1824	254.180555556
COG1825	194.865008881
COG1826	99.9869402985
COG1827	204.213333333
COG1828	157.911290323
COG1829	285.5375
COG1830	297.421621622
COG1831	280.710144928
COG1832	140.827586207
COG1833	172.627118644
COG1834	303.938388626
COG1835	440.094952951
COG1836	321.924242424
COG1837	86.5292307692
COG1838	189.191709845
COG1839	162.516129032
COG1840	361.240857503
COG1841	74.8451178451
COG1842	261.442307692
COG1843	206.584337349
COG1844	127.65
COG1845	263.357050453
COG1846	168.031127643
COG1847	220.913357401
COG1848	144.127622378
COG1849	146.5
COG1850	440.743902439
COG1851	229.125
COG1852	264.708860759
COG1853	224.14765625
COG1854	161.21641791
COG1855	581.964285714
COG1856	294.863636364
COG1857	329.06
COG1858	423.354477612
COG1859	198.278688525
COG1860	148.209677419
COG1861	328.5
COG1862	113.129798903
COG1863	171.988950276
COG1864	336.834437086
COG1865	315.0
COG1866	531.671052632
COG1867	374.453608247
COG1868	334.327272727
COG1869	134.633928571
COG1871	183.40070922
COG1872	97.937704918
COG1873	127.50887574
COG1874	702.513157895
COG1875	455.070038911
COG1876	285.557692308
COG1877	378.35443038
COG1878	258.196428571
COG1879	339.244161359
COG1880	253.310344828
COG1881	180.312348668
COG1882	738.060402685
COG1883	392.256830601
COG1884	558.722044728
COG1885	129.557377049
COG1886	208.097560976
COG1887	550.147058824
COG1888	95.593220339
COG1889	223.012048193
COG1890	211.831325301
COG1891	244.627118644
COG1892	496.333333333
COG1893	315.421232877
COG1894	462.826347305
COG1895	285.458823529
COG1896	217.994269341
COG1897	311.422360248
COG1898	197.064516129
COG1899	336.568075117
COG1900	422.846153846
COG1901	194.859375
COG1902	466.363427697
COG1903	373.910313901
COG1904	459.538043478
COG1905	226.835543767
COG1906	389.794871795
COG1907	330.458715596
COG1908	348.907692308
COG1909	174.5125
COG1910	488.977777778
COG1911	100.37704918
COG1912	267.201550388
COG1913	194.010204082
COG1914	429.249140893
COG1915	473.490196078
COG1916	431.06557377
COG1917	158.795409182
COG1918	131.619113573
COG1920	221.752136752
COG1921	444.597510373
COG1922	275.3375
COG1923	90.2676923077
COG1924	310.486166008
COG1925	121.848739496
COG1926	238.661290323
COG1927	277.076923077
COG1928	522.978021978
COG1929	368.434782609
COG1930	106.173469388
COG1931	152.295774648
COG1932	371.031319911
COG1933	859.538461538
COG1934	230.621875
COG1935	129.458333333
COG1936	179.3125
COG1937	98.4155844156
COG1938	261.48427673
COG1939	141.735042735
COG1940	343.230769231
COG1941	251.126315789
COG1942	89.7760532151
COG1943	169.440374123
COG1944	555.978494624
COG1945	172.805084746
COG1946	289.761133603
COG1947	293.537477148
COG1948	472.342281879
COG1949	190.788546256
COG1950	147.184126984
COG1951	419.410958904
COG1952	160.893004115
COG1953	483.0
COG1954	190.282352941
COG1955	560.044776119
COG1956	167.816513761
COG1957	321.479357798
COG1958	89.1847133758
COG1959	159.103896104
COG1960	438.683632735
COG1961	344.010316369
COG1962	311.745098039
COG1963	152.107843137
COG1964	534.008264463
COG1965	108.111111111
COG1966	596.994029851
COG1967	294.394366197
COG1968	274.815100154
COG1969	234.950980392
COG1970	139.724299065
COG1971	197.603921569
COG1972	413.149425287
COG1973	442.40625
COG1974	207.38313253
COG1975	305.33655706
COG1976	221.646341463
COG1977	110.449886105
COG1978	162.272727273
COG1979	380.558685446
COG1980	370.704545455
COG1981	155.488461538
COG1982	602.36627907
COG1983	191.329207921
COG1984	318.53358209
COG1985	325.175332527
COG1986	188.633928571
COG1987	89.0317919075
COG1988	251.217630854
COG1989	249.029411765
COG1990	143.571428571
COG1991	156.0
COG1992	394.649350649
COG1993	128.210227273
COG1994	333.801801802
COG1995	338.395061728
COG1996	151.186915888
COG1997	94.0574712644
COG1998	57.4102564103
COG1999	223.665615142
COG2000	218.178571429
COG2001	149.310572687
COG2002	102.644776119
COG2003	218.04505814
COG2004	107.493975904
COG2005	180.363636364
COG2006	367.43153527
COG2007	127.385542169
COG2008	346.394540943
COG2009	141.676136364
COG2010	299.403204272
COG2011	222.772334294
COG2012	80.8414634146
COG2013	247.937304075
COG2014	264.268656716
COG2015	544.205357143
COG2016	241.585526316
COG2017	323.921095008
COG2018	147.204022989
COG2019	197.890625
COG2020	202.975285171
COG2021	351.853731343
COG2022	281.418052257
COG2023	113.115384615
COG2024	524.846153846
COG2025	332.944751381
COG2026	117.676864245
COG2027	481.145780051
COG2028	134.666666667
COG2029	189.714285714
COG2030	219.856309263
COG2031	426.650485437
COG2032	190.893203883
COG2033	131.461538462
COG2034	94.5263157895
COG2035	308.58045977
COG2036	86.4653465347
COG2037	302.074626866
COG2038	365.387243736
COG2039	222.884393064
COG2040	306.128205128
COG2041	328.882793017
COG2042	170.739726027
COG2043	251.868421053
COG2044	139.748427673
COG2045	247.62962963
COG2046	430.686567164
COG2047	271.666666667
COG2048	314.880184332
COG2049	466.286089239
COG2050	160.773963731
COG2051	64.4814814815
COG2052	89.7969924812
COG2053	75.265060241
COG2054	206.517241379
COG2055	346.572847682
COG2056	423.65
COG2057	238.14893617
COG2058	107.036144578
COG2059	292.057239057
COG2060	544.525896414
COG2061	318.496
COG2062	183.518
COG2063	236.114814815
COG2064	368.401980198
COG2065	181.964556962
COG2066	327.991071429
COG2067	460.231683168
COG2068	236.016949153
COG2069	412.096774194
COG2070	382.466403162
COG2071	251.814084507
COG2072	470.245121951
COG2073	385.705882353
COG2074	326.404761905
COG2075	78.6428571429
COG2076	111.659121172
COG2077	170.793650794
COG2078	214.086294416
COG2079	460.507692308
COG2080	251.480808081
COG2081	410.856581532
COG2082	237.22324159
COG2083	139.235294118
COG2084	292.721033868
COG2085	217.038922156
COG2086	263.559274756
COG2087	201.023391813
COG2088	109.956896552
COG2089	356.850393701
COG2090	155.307692308
COG2091	239.281914894
COG2092	89.6746987952
COG2093	83.0860215054
COG2094	202.21888412
COG2095	208.101243339
COG2096	190.581218274
COG2097	93.1927710843
COG2098	120.24137931
COG2099	276.550239234
COG2100	362.242424242
COG2101	185.330769231
COG2102	240.036585366
COG2103	300.703422053
COG2104	77.9698681733
COG2105	159.356666667
COG2106	274.625
COG2107	279.289256198
COG2108	361.2875
COG2109	203.986238532
COG2110	205.810185185
COG2111	537.98313253
COG2112	233.092592593
COG2113	319.066115702
COG2114	432.426256078
COG2115	425.195530726
COG2116	289.743283582
COG2117	201.717391304
COG2118	124.825581395
COG2119	175.086792453
COG2120	340.52955665
COG2121	237.681818182
COG2122	255.701149425
COG2123	269.75862069
COG2124	431.603153745
COG2125	156.682352941
COG2126	61.6891891892
COG2127	107.952702703
COG2128	178.045881126
COG2129	241.353174603
COG2130	337.354716981
COG2131	181.704225352
COG2132	539.040207523
COG2133	552.17331813
COG2134	248.105263158
COG2135	228.368421053
COG2136	175.693877551
COG2137	194.015317287
COG2138	255.040506329
COG2139	100.585365854
COG2140	280.405660377
COG2141	358.74726105
COG2142	125.726643599
COG2143	201.339285714
COG2144	337.128571429
COG2145	272.693333333
COG2146	163.867741935
COG2147	150.409638554
COG2148	366.92358804
COG2149	132.048913043
COG2150	282.032967033
COG2151	215.848
COG2152	419.007874016
COG2153	165.093333333
COG2154	111.887323944
COG2155	76.9583333333
COG2156	203.780991736
COG2157	73.1692307692
COG2158	280.535714286
COG2159	331.264968153
COG2160	500.040322581
COG2161	89.2741617357
COG2162	269.525925926
COG2163	94.0821917808
COG2164	137.382978723
COG2165	236.006541292
COG2166	152.408408408
COG2167	58.6301369863
COG2168	94.62
COG2169	345.395577396
COG2170	397.360335196
COG2171	286.577092511
COG2172	183.131455399
COG2173	244.32195122
COG2174	94.2727272727
COG2175	346.831099196
COG2176	846.318518519
COG2177	303.444444444
COG2178	211.338983051
COG2179	182.529411765
COG2180	223.856164384
COG2181	356.268882175
COG2182	429.497175141
COG2183	711.887775551
COG2184	222.26119403
COG2185	552.555752212
COG2186	253.861726509
COG2187	494.993506494
COG2188	244.862042683
COG2189	467.523897059
COG2190	438.416184971
COG2191	219.636871508
COG2192	559.051724138
COG2193	160.234042553
COG2194	525.205240175
COG2195	429.480549199
COG2197	246.525338424
COG2198	671.655485041
COG2199	419.352657005
COG2200	498.692504259
COG2201	330.88603352
COG2202	557.922222222
COG2203	506.83497053
COG2204	410.255183946
COG2205	599.864046159
COG2206	421.669189189
COG2207	301.740075803
COG2208	540.910174152
COG2209	207.491803279
COG2210	255.848888889
COG2211	462.389148737
COG2212	94.36875
COG2213	449.55
COG2214	265.447478992
COG2215	335.151315789
COG2216	682.491803279
COG2217	671.437662338
COG2218	274.589552239
COG2219	353.818181818
COG2220	289.006422018
COG2221	333.517460317
COG2222	342.799256506
COG2223	438.598895028
COG2224	455.75
COG2225	608.675958188
COG2226	263.977461447
COG2227	315.098471986
COG2229	200.248826291
COG2230	357.520107239
COG2231	223.982608696
COG2232	395.258992806
COG2233	448.382450331
COG2234	500.345750873
COG2235	415.833333333
COG2236	185.073964497
COG2237	376.333333333
COG2238	156.541176471
COG2239	436.499252616
COG2240	284.643274854
COG2241	233.951923077
COG2242	328.501075269
COG2243	266.186046512
COG2244	475.487066593
COG2245	193.914285714
COG2246	226.259762309
COG2247	708.24742268
COG2248	311.975609756
COG2249	205.195454545
COG2250	156.828828829
COG2251	738.317829457
COG2252	445.528806584
COG2253	291.802030457
COG2254	579.568421053
COG2255	346.276595745
COG2256	447.178082192
COG2257	98.5864197531
COG2258	214.793565684
COG2259	167.242206235
COG2260	63.6103896104
COG2261	89.3422619048
COG2262	445.854545455
COG2263	437.827067669
COG2264	296.512104283
COG2265	412.213740458
COG2266	210.101010101
COG2267	305.068580137
COG2268	611.291666667
COG2269	327.8
COG2270	439.953405018
COG2271	431.57079646
COG2272	508.692307692
COG2273	431.505319149
COG2274	704.127625202
COG2301	313.583747927
COG2302	280.088050314
COG2303	543.572450805
COG2304	505.248861048
COG2306	296.216216216
COG2307	315.947368421
COG2308	582.712401055
COG2309	377.436893204
COG2310	267.244444444
COG2311	390.22556391
COG2312	435.419354839
COG2313	306.633333333
COG2314	145.395744681
COG2315	129.170124481
COG2316	195.960629921
COG2317	492.544186047
COG2318	173.08266129
COG2319	780.644918444
COG2320	221.252808989
COG2321	304.663333333
COG2322	180.955223881
COG2323	204.0
COG2324	286.396694215
COG2326	324.724137931
COG2327	391.66180758
COG2329	125.830258303
COG2331	93.336
COG2332	154.170634921
COG2333	609.865008881
COG2334	354.273361227
COG2335	239.102941176
COG2336	85.325
COG2337	115.070325901
COG2339	353.748603352
COG2340	280.947368421
COG2342	336.148148148
COG2343	144.053278689
COG2344	226.027272727
COG2345	250.798004988
COG2346	146.609913793
COG2348	365.615384615
COG2350	105.767895879
COG2351	136.475409836
COG2352	913.739255014
COG2353	197.403005464
COG2354	309.703225806
COG2355	377.484615385
COG2356	344.18699187
COG2357	285.317919075
COG2358	357.467213115
COG2359	90.3577235772
COG2360	228.373493976
COG2361	114.454819277
COG2362	275.019607843
COG2363	127.552529183
COG2364	225.786982249
COG2365	267.563829787
COG2366	791.598870056
COG2367	344.234086242
COG2368	490.331360947
COG2369	398.424657534
COG2370	210.561983471
COG2371	180.645502646
COG2372	303.498039216
COG2373	1632.96938776
COG2374	648.843971631
COG2375	283.453674121
COG2376	392.052
COG2377	379.474683544
COG2378	319.34141791
COG2379	431.603524229
COG2380	332.225806452
COG2382	393.520900322
COG2383	108.303030303
COG2384	230.078431373
COG2385	436.700729927
COG2386	225.100775194
COG2388	103.465346535
COG2389	181.264150943
COG2390	321.523391813
COG2391	237.499259259
COG2401	435.939393939
COG2402	134.444444444
COG2403	438.114754098
COG2404	334.533834586
COG2405	159.711538462
COG2406	169.208333333
COG2407	485.878980892
COG2409	788.513452915
COG2410	189.536585366
COG2411	193.980769231
COG2412	101.058823529
COG2413	237.407407407
COG2414	603.135011442
COG2419	337.416666667
COG2421	391.332247557
COG2423	329.904967603
COG2425	461.651428571
COG2426	167.893333333
COG2427	183.881188119
COG2428	217.214285714
COG2429	245.276595745
COG2430	239.85
COG2431	260.821428571
COG2433	561.726190476
COG2440	383.355263158
COG2441	360.12
COG2442	101.695348837
COG2443	65.6712328767
COG2445	147.512690355
COG2450	123.339285714
COG2451	91.6923076923
COG2452	169.598837209
COG2453	238.713636364
COG2454	221.681818182
COG2456	148.032258065
COG2457	199.378947368
COG2461	471.97
COG2469	282.137254902
COG2501	77.3466666667
COG2502	335.571428571
COG2503	272.527027027
COG2508	466.72212693
COG2509	507.563758389
COG2510	166.539393939
COG2511	619.488095238
COG2512	288.558441558
COG2513	297.802247191
COG2514	257.622222222
COG2515	318.591304348
COG2516	351.372093023
COG2517	236.882352941
COG2518	257.146496815
COG2519	290.789644013
COG2520	314.371559633
COG2521	300.646153846
COG2522	184.526666667
COG2524	304.9875
COG2602	262.042253521
COG2603	348.057692308
COG2604	636.198113208
COG2605	367.627659574
COG2606	168.286775632
COG2607	334.914691943
COG2608	488.418659165
COG2609	877.978056426
COG2610	446.350220264
COG2703	213.060790274
COG2704	432.396694215
COG2706	403.384615385
COG2707	150.230769231
COG2710	478.975088968
COG2715	315.336065574
COG2716	219.341176471
COG2717	231.457446809
COG2718	413.497237569
COG2719	508.668478261
COG2720	454.294736842
COG2721	411.382183908
COG2723	464.71969697
COG2730	501.0486618
COG2731	157.542857143
COG2732	117.357894737
COG2733	432.471544715
COG2738	230.863905325
COG2739	115.857142857
COG2740	129.5
COG2746	271.217948718
COG2747	100.93
COG2755	342.669230769
COG2759	550.03649635
COG2761	226.246231156
COG2764	145.743303571
COG2766	667.677725118
COG2768	243.048387097
COG2770	600.321316614
COG2771	298.086474501
COG2801	287.040240107
COG2802	214.577235772
COG2804	552.438864629
COG2805	369.845857418
COG2807	401.134502924
COG2808	211.196428571
COG2810	547.068181818
COG2811	133.06557377
COG2812	570.726470588
COG2813	291.076704545
COG2814	428.593573989
COG2815	665.189141856
COG2816	277.779850746
COG2818	197.321336761
COG2819	319.289855072
COG2820	260.584717608
COG2821	394.387387387
COG2822	368.694915254
COG2823	200.796327212
COG2824	122.85440613
COG2825	192.039256198
COG2826	293.105754277
COG2827	101.456842105
COG2828	366.351724138
COG2829	338.43697479
COG2830	211.75
COG2831	577.498607242
COG2832	131.171122995
COG2833	275.682242991
COG2834	266.849498328
COG2835	91.2846715328
COG2836	249.654545455
COG2837	392.149090909
COG2838	741.542857143
COG2839	166.763157895
COG2840	200.77443609
COG2841	77.5104166667
COG2842	342.832402235
COG2843	413.240802676
COG2844	790.568965517
COG2845	409.377358491
COG2846	221.713375796
COG2847	172.019379845
COG2848	424.906666667
COG2849	338.308571429
COG2850	368.661087866
COG2851	442.168831169
COG2852	437.028213166
COG2853	266.801762115
COG2854	210.738636364
COG2855	357.856382979
COG2856	302.707112971
COG2857	286.714285714
COG2859	231.493506494
COG2860	213.33919598
COG2861	342.458598726
COG2862	178.083798883
COG2863	181.451428571
COG2864	295.804979253
COG2865	433.634408602
COG2866	568.996376812
COG2867	160.759530792
COG2868	110.84
COG2869	258.618644068
COG2870	413.645833333
COG2871	399.105263158
COG2872	256.741176471
COG2873	428.178010471
COG2874	244.961538462
COG2875	280.248407643
COG2876	343.439140811
COG2877	278.873684211
COG2878	261.234265734
COG2879	70.2079207921
COG2880	67.2549019608
COG2881	255.029411765
COG2882	149.366459627
COG2884	236.458612975
COG2885	369.971311475
COG2886	95.6444444444
COG2887	721.226120858
COG2888	116.280898876
COG2890	315.124092888
COG2891	169.574074074
COG2892	83.8387096774
COG2893	139.134020619
COG2894	267.569078947
COG2895	509.553072626
COG2896	334.6671875
COG2897	317.231075697
COG2898	683.004854369
COG2899	356.96875
COG2900	72.6907894737
COG2901	96.5862068966
COG2902	1519.55263158
COG2904	280.561983471
COG2905	376.262228261
COG2906	152.08994709
COG2907	429.64375
COG2908	271.309352518
COG2909	863.149122807
COG2910	213.302013423
COG2911	1480.832
COG2912	293.247058824
COG2913	159.311258278
COG2914	101.055214724
COG2915	209.370786517
COG2916	126.292372881
COG2917	196.626262626
COG2918	540.702898551
COG2919	125.016293279
COG2920	118.592039801
COG2921	92.3966480447
COG2922	155.36
COG2923	123.466666667
COG2924	91.9529411765
COG2925	487.213114754
COG2926	108.857142857
COG2927	146.362790698
COG2928	222.457912458
COG2929	92.4311111111
COG2930	217.440559441
COG2931	1117.12183236
COG2932	222.145658263
COG2933	356.054347826
COG2935	251.936170213
COG2936	629.669191919
COG2937	737.305785124
COG2938	94.6862745098
COG2939	507.195121951
COG2940	174.259493671
COG2941	199.378151261
COG2942	431.272321429
COG2943	712.86440678
COG2944	143.784722222
COG2945	223.068085106
COG2946	374.769230769
COG2947	152.715517241
COG2948	402.261083744
COG2949	230.949640288
COG2951	345.372340426
COG2952	160.048780488
COG2954	168.88028169
COG2956	456.502487562
COG2957	364.711790393
COG2958	273.714285714
COG2959	407.5
COG2960	105.4
COG2961	282.820224719
COG2962	303.556420233
COG2963	145.817920918
COG2964	231.033112583
COG2965	101.285714286
COG2966	265.454545455
COG2967	130.460465116
COG2968	247.333333333
COG2969	151.073825503
COG2971	308.776173285
COG2972	488.168819188
COG2973	107.4375
COG2974	301.633333333
COG2975	66.064516129
COG2976	253.193717277
COG2977	233.926315789
COG2978	506.408333333
COG2979	262.627906977
COG2980	178.131578947
COG2981	253.684782609
COG2982	865.726141079
COG2983	151.378378378
COG2984	367.645901639
COG2985	538.029239766
COG2986	512.081218274
COG2987	576.05204461
COG2988	318.325301205
COG2989	537.285714286
COG2990	310.186440678
COG2991	82.9242424242
COG2992	277.914285714
COG2993	251.037914692
COG2994	168.35483871
COG2995	298.465686275
COG2996	278.489655172
COG2998	290.741935484
COG2999	223.125
COG3000	291.464957265
COG3001	287.230046948
COG3002	877.2
COG3004	429.4375
COG3005	283.126760563
COG3006	444.975609756
COG3007	390.042857143
COG3008	640.652777778
COG3009	208.5703125
COG3010	235.117117117
COG3011	166.190647482
COG3012	251.843520782
COG3013	172.0
COG3014	467.033898305
COG3015	179.986666667
COG3016	346.795918367
COG3017	203.611510791
COG3018	217.0
COG3019	160.214285714
COG3021	319.083870968
COG3022	259.577205882
COG3023	265.557651992
COG3024	69.4673913043
COG3025	358.965517241
COG3026	321.496
COG3027	112.968553459
COG3028	186.807142857
COG3029	130.909090909
COG3030	166.214912281
COG3031	288.262626263
COG3033	464.543859649
COG3034	273.516949153
COG3036	72.1282051282
COG3037	443.405405405
COG3038	192.521505376
COG3039	376.480194018
COG3040	185.349726776
COG3041	90.6666666667
COG3042	119.805970149
COG3043	166.909090909
COG3044	554.324675325
COG3045	164.490909091
COG3046	502.617449664
COG3047	227.458515284
COG3048	427.915254237
COG3049	351.352272727
COG3050	139.304347826
COG3051	500.142857143
COG3052	105.102941176
COG3053	348.107142857
COG3054	180.764705882
COG3055	613.917073171
COG3056	191.615384615
COG3057	192.041666667
COG3058	297.84
COG3059	183.881355932
COG3060	107.673469388
COG3061	385.840909091
COG3062	98.6888888889
COG3063	380.035416667
COG3064	733.126760563
COG3065	185.784946237
COG3066	230.285714286
COG3067	515.685185185
COG3068	196.725490196
COG3069	433.5
COG3070	148.540322581
COG3071	522.063492063
COG3072	846.278688525
COG3073	205.509090909
COG3074	146.195652174
COG3075	418.528571429
COG3076	141.173913043
COG3077	96.358649789
COG3078	186.934782609
COG3079	192.897727273
COG3080	121.622222222
COG3081	340.589041096
COG3082	73.2790697674
COG3083	587.644736842
COG3084	89.7222222222
COG3085	128.072727273
COG3086	149.382716049
COG3087	388.590725806
COG3088	167.709251101
COG3089	82.2786885246
COG3090	215.136363636
COG3091	174.181818182
COG3092	149.755555556
COG3093	132.536796537
COG3094	127.185185185
COG3095	240.225
COG3096	1421.65909091
COG3097	104.24137931
COG3098	111.703125
COG3099	107.888888889
COG3100	99.3157894737
COG3101	182.0
COG3102	189.236842105
COG3103	362.73255814
COG3104	497.510869565
COG3105	166.044117647
COG3106	474.0
COG3107	583.634782609
COG3108	244.178899083
COG3109	212.34375
COG3110	211.074074074
COG3111	134.467532468
COG3112	120.977272727
COG3113	145.64375
COG3114	67.0833333333
COG3115	481.195266272
COG3116	105.87012987
COG3117	211.505263158
COG3118	198.758599124
COG3119	528.616066155
COG3120	190.666666667
COG3121	253.333333333
COG3122	181.5
COG3123	101.12295082
COG3124	196.028846154
COG3125	118.282894737
COG3126	167.139534884
COG3127	816.933609959
COG3128	230.917197452
COG3129	313.76056338
COG3130	87.5106382979
COG3131	528.662420382
COG3132	227.955555556
COG3133	163.642276423
COG3134	186.029411765
COG3135	388.642335766
COG3136	112.0625
COG3137	278.5
COG3138	342.322916667
COG3139	93.320754717
COG3140	61.3142857143
COG3141	102.302325581
COG3142	237.803680982
COG3143	244.430379747
COG3144	491.104868914
COG3145	213.183520599
COG3146	387.595652174
COG3147	370.365638767
COG3148	226.426356589
COG3149	172.476190476
COG3150	191.829931973
COG3151	148.757575758
COG3152	163.255474453
COG3153	213.23951049
COG3154	174.244680851
COG3155	218.693333333
COG3156	347.048913043
COG3157	172.374468085
COG3158	631.198501873
COG3159	235.097402597
COG3160	160.955555556
COG3161	196.708994709
COG3162	109.729166667
COG3164	1233.77472527
COG3165	205.727272727
COG3166	236.079710145
COG3167	218.668478261
COG3168	187.412280702
COG3169	117.612903226
COG3170	759.868739206
COG3171	112.936170213
COG3172	299.9
COG3173	339.299858557
COG3174	413.668789809
COG3175	194.27480916
COG3176	375.729241877
COG3177	355.471976401
COG3178	376.356807512
COG3179	373.280991736
COG3180	337.722222222
COG3181	324.589161649
COG3182	459.546594982
COG3183	275.862068966
COG3184	354.893617021
COG3185	401.114186851
COG3186	342.682926829
COG3187	212.107142857
COG3188	831.2
COG3189	124.185714286
COG3190	156.4
COG3191	344.666666667
COG3192	378.735294118
COG3193	171.83286119
COG3194	170.20952381
COG3195	279.1625
COG3196	197.818181818
COG3197	61.935483871
COG3198	150.03030303
COG3199	372.112359551
COG3200	454.222222222
COG3201	220.474178404
COG3202	659.873786408
COG3203	374.657030223
COG3204	455.74137931
COG3205	97.6046511628
COG3206	643.382678751
COG3207	452.227272727
COG3208	431.846428571
COG3209	1282.30645161
COG3210	1980.08166969
COG3211	623.449477352
COG3212	170.644578313
COG3213	392.273291925
COG3214	385.025806452
COG3215	155.04950495
COG3216	200.230769231
COG3217	283.578512397
COG3218	226.336134454
COG3219	257.55
COG3220	304.177777778
COG3221	315.100580271
COG3222	231.87431694
COG3223	139.0
COG3224	200.637254902
COG3225	608.980099502
COG3226	205.490566038
COG3227	592.828729282
COG3228	274.56875
COG3230	198.6
COG3231	289.914893617
COG3232	127.48
COG3233	258.694915254
COG3234	245.941176471
COG3235	221.847826087
COG3236	182.279661017
COG3237	73.5721784777
COG3238	175.772727273
COG3239	353.099085366
COG3240	381.351851852
COG3241	287.042857143
COG3242	63.2072072072
COG3243	551.209580838
COG3245	181.777777778
COG3246	300.483516484
COG3247	216.503333333
COG3248	273.024390244
COG3249	405.50877193
COG3250	856.707175926
COG3251	77.5033112583
COG3252	325.048780488
COG3253	287.503355705
COG3254	113.094674556
COG3255	170.371900826
COG3256	645.759493671
COG3257	261.134146341
COG3258	324.525581395
COG3259	448.134715026
COG3260	188.28125
COG3261	412.40625
COG3262	503.037735849
COG3263	519.380208333
COG3264	581.188605108
COG3265	192.596412556
COG3266	818.014519056
COG3267	389.180203046
COG3268	379.362318841
COG3269	184.689473684
COG3270	416.5
COG3271	432.243243243
COG3272	302.634920635
COG3273	475.848484848
COG3274	346.436893204
COG3275	497.520618557
COG3276	561.640552995
COG3277	87.12
COG3278	534.822463768
COG3279	243.147776184
COG3280	861.482051282
COG3281	834.607843137
COG3283	560.606060606
COG3284	560.457142857
COG3285	536.252559727
COG3286	207.76
COG3287	440.457894737
COG3288	427.097484277
COG3290	530.758974359
COG3291	1021.51889535
COG3292	951.467625899
COG3293	195.313897764
COG3294	258.527027027
COG3295	219.708860759
COG3296	150.031847134
COG3297	399.081632653
COG3298	254.38
COG3299	589.804444444
COG3300	457.915492958
COG3301	329.411764706
COG3302	324.368421053
COG3303	490.992857143
COG3304	134.546099291
COG3305	178.745098039
COG3306	275.617391304
COG3307	495.1875
COG3308	130.423076923
COG3309	108.055555556
COG3310	190.216216216
COG3311	88.8062913907
COG3312	132.161290323
COG3313	93.2565445026
COG3314	426.704347826
COG3315	284.203065134
COG3316	214.620535714
COG3317	354.617021277
COG3318	227.722772277
COG3319	2559.0060241
COG3320	1043.75647668
COG3321	2267.54577465
COG3322	671.242424242
COG3323	286.755813953
COG3324	172.983529412
COG3325	525.290322581
COG3326	131.841059603
COG3327	279.672131148
COG3328	369.629960317
COG3329	331.474747475
COG3330	413.01
COG3331	192.259259259
COG3332	258.887218045
COG3333	504.358353511
COG3334	229.589552239
COG3335	169.186681223
COG3336	410.06122449
COG3337	137.259259259
COG3338	268.196078431
COG3339	137.930599369
COG3340	227.676646707
COG3341	225.685714286
COG3342	268.3515625
COG3343	212.203703704
COG3344	409.732384342
COG3345	657.130434783
COG3346	260.498113208
COG3347	592.016393443
COG3349	535.305555556
COG3350	383.899371069
COG3351	360.057142857
COG3352	417.411764706
COG3353	155.575757576
COG3354	166.066666667
COG3355	162.038461538
COG3356	561.524590164
COG3357	99.593220339
COG3358	239.308219178
COG3359	318.040983607
COG3360	70.3862433862
COG3361	245.778947368
COG3363	217.11627907
COG3364	201.425
COG3365	124.526315789
COG3366	305.684931507
COG3367	351.36440678
COG3368	489.636363636
COG3369	114.104294479
COG3370	115.31147541
COG3371	210.169014085
COG3372	448.625
COG3373	111.625
COG3374	199.666666667
COG3375	265.639344262
COG3376	332.6875
COG3377	99.4146341463
COG3378	665.221649485
COG3379	533.898648649
COG3380	351.617886179
COG3381	225.574344023
COG3382	233.534482759
COG3383	710.88738269
COG3384	279.252808989
COG3385	395.334894614
COG3386	413.120892019
COG3387	653.629770992
COG3388	106.730769231
COG3389	313.738095238
COG3390	309.698795181
COG3391	607.351334951
COG3392	426.555555556
COG3393	265.557788945
COG3394	279.409090909
COG3395	428.857142857
COG3396	309.875739645
COG3397	301.449541284
COG3398	280.171641791
COG3399	148.333333333
COG3400	470.454545455
COG3401	745.75
COG3402	171.300613497
COG3403	374.94
COG3404	210.6015625
COG3405	508.238938053
COG3407	339.219047619
COG3408	707.727272727
COG3409	377.332744925
COG3410	618.786885246
COG3411	309.37649063
COG3412	321.570247934
COG3413	316.567753002
COG3414	119.831632653
COG3415	261.105888709
COG3416	278.76056338
COG3417	200.731958763
COG3418	146.457627119
COG3419	1266.32653061
COG3420	750.245700246
COG3421	896.416666667
COG3422	201.628742515
COG3423	91.6964285714
COG3424	366.086956522
COG3425	418.85483871
COG3426	369.030612245
COG3427	213.623134328
COG3428	366.205980066
COG3429	373.705357143
COG3430	187.352112676
COG3431	173.76
COG3432	111.4
COG3433	924.816326531
COG3434	400.628820961
COG3435	327.576576577
COG3436	114.821963394
COG3437	442.541666667
COG3439	162.068259386
COG3440	312.5
COG3442	260.190839695
COG3443	280.540540541
COG3444	206.899543379
COG3445	122.789473684
COG3447	664.5
COG3448	243.062745098
COG3449	245.35
COG3450	146.191011236
COG3451	788.251012146
COG3452	668.852941176
COG3453	210.773972603
COG3454	385.490909091
COG3455	323.626865672
COG3456	471.936507937
COG3457	360.130434783
COG3458	377.294642857
COG3459	1626.85142857
COG3460	106.148148148
COG3461	109.078431373
COG3462	91.3115942029
COG3463	553.255319149
COG3464	360.198589894
COG3465	213.294117647
COG3466	55.8965517241
COG3467	170.697087379
COG3468	917.968847352
COG3469	501.263157895
COG3470	202.259259259
COG3471	238.537037037
COG3472	588.479166667
COG3473	249.188679245
COG3474	257.553459119
COG3475	320.978494624
COG3476	168.368663594
COG3477	182.142857143
COG3478	72.488372093
COG3479	172.2
COG3480	345.854545455
COG3481	355.020100503
COG3482	299.945454545
COG3483	303.392638037
COG3484	255.621212121
COG3485	310.647191011
COG3486	449.162162162
COG3487	422.092307692
COG3488	522.698412698
COG3489	365.476190476
COG3490	372.733333333
COG3491	328.508928571
COG3492	101.070422535
COG3493	443.014285714
COG3494	281.551470588
COG3495	190.302325581
COG3496	283.309352518
COG3497	504.46
COG3498	168.746987952
COG3499	168.855263158
COG3500	356.862745098
COG3501	577.462616822
COG3502	142.024793388
COG3503	332.337837838
COG3504	299.062200957
COG3505	615.49137931
COG3506	269.365591398
COG3507	514.024834437
COG3508	410.425414365
COG3509	377.332103321
COG3510	260.08
COG3511	654.946280992
COG3512	107.0
COG3513	1088.42307692
COG3514	96.0281690141
COG3515	432.130434783
COG3516	172.024390244
COG3517	504.666666667
COG3518	164.373015873
COG3519	592.702290076
COG3520	343.559055118
COG3521	179.623762376
COG3522	440.369565217
COG3523	1125.73426573
COG3524	418.779220779
COG3525	649.027777778
COG3526	92.2580645161
COG3527	253.833333333
COG3528	338.641975309
COG3529	71.2909090909
COG3530	85.5923076923
COG3531	216.209876543
COG3533	706.717948718
COG3534	594.429118774
COG3535	363.326923077
COG3536	135.075949367
COG3537	827.181481481
COG3538	466.333333333
COG3539	221.985940246
COG3540	548.459383754
COG3541	284.090909091
COG3542	162.125874126
COG3543	146.25
COG3544	200.979591837
COG3545	192.454545455
COG3546	245.308900524
COG3547	335.955643174
COG3548	205.503597122
COG3549	93.9957627119
COG3550	393.478359909
COG3551	529.350877193
COG3552	435.64171123
COG3553	132.703703704
COG3554	192.386363636
COG3555	279.394495413
COG3556	152.714285714
COG3557	188.6875
COG3558	153.2
COG3559	527.962025316
COG3560	198.046875
COG3561	234.970588235
COG3562	438.904761905
COG3563	615.020408163
COG3564	128.79338843
COG3565	140.848214286
COG3566	384.595238095
COG3567	461.02
COG3568	313.32
COG3569	356.333333333
COG3570	296.816901408
COG3571	217.319587629
COG3572	447.77037037
COG3573	545.365079365
COG3575	187.2
COG3576	205.87063655
COG3577	244.25095057
COG3579	418.8875
COG3580	516.985507246
COG3581	951.059210526
COG3582	267.717948718
COG3583	519.081300813
COG3584	283.930635838
COG3585	163.277955272
COG3586	369.314285714
COG3587	924.938596491
COG3588	323.372727273
COG3589	358.408450704
COG3590	674.118942731
COG3591	442.402597403
COG3592	152.827586207
COG3593	591.992779783
COG3594	366.475247525
COG3595	358.412337662
COG3596	474.47826087
COG3597	398.054878049
COG3598	524.89
COG3599	234.466216216
COG3600	167.684210526
COG3601	194.034090909
COG3602	145.454545455
COG3603	139.127659574
COG3604	559.201834862
COG3605	705.076470588
COG3607	133.631578947
COG3608	344.555813953
COG3609	92.354368932
COG3610	296.354679803
COG3611	452.075
COG3612	158.866666667
COG3613	190.03649635
COG3614	864.818181818
COG3615	169.913793103
COG3616	385.422053232
COG3617	236.096774194
COG3618	288.85840708
COG3619	236.339622642
COG3620	230.667405765
COG3621	363.04
COG3622	272.357142857
COG3623	283.37254902
COG3624	153.577464789
COG3625	199.961038961
COG3626	369.883116883
COG3627	296.012987013
COG3628	134.145454545
COG3629	691.67781155
COG3630	95.390625
COG3631	168.187150838
COG3633	406.434210526
COG3634	406.103448276
COG3635	403.68
COG3636	104.892473118
COG3637	286.409756098
COG3638	269.166666667
COG3639	319.630434783
COG3640	263.311111111
COG3641	365.236842105
COG3642	347.936936937
COG3643	358.378378378
COG3644	205.897435897
COG3645	243.233333333
COG3646	230.137254902
COG3647	203.047619048
COG3648	301.538461538
COG3649	306.087837838
COG3650	236.673913043
COG3651	126.991452991
COG3652	201.629411765
COG3653	536.88973384
COG3654	134.069565217
COG3655	101.128504673
COG3656	257.234375
COG3657	100.700787402
COG3658	216.766666667
COG3659	482.851851852
COG3660	343.042857143
COG3661	719.742424242
COG3662	301.12244898
COG3663	186.178571429
COG3664	599.270072993
COG3665	264.397321429
COG3666	439.396039604
COG3667	339.682539683
COG3668	99.9246376812
COG3669	515.141818182
COG3670	493.357954545
COG3671	127.988636364
COG3672	244.864285714
COG3673	469.933333333
COG3675	386.329113924
COG3676	166.206896552
COG3677	191.471062271
COG3678	180.806167401
COG3679	127.585365854
COG3680	275.538461538
COG3681	422.333333333
COG3682	131.0125
COG3683	240.435897436
COG3684	323.388888889
COG3685	180.894736842
COG3686	133.123076923
COG3687	288.418367347
COG3688	257.414012739
COG3689	261.229166667
COG3691	95.8541666667
COG3692	167.866666667
COG3693	518.713375796
COG3694	264.798507463
COG3695	125.621848739
COG3696	1056.29480519
COG3697	220.821428571
COG3698	255.729166667
COG3700	225.884615385
COG3701	224.897435897
COG3702	190.646153846
COG3703	207.580152672
COG3704	570.76635514
COG3705	386.503546099
COG3706	441.289214306
COG3707	243.147651007
COG3708	226.162962963
COG3709	217.577464789
COG3710	416.845
COG3711	486.987212276
COG3712	356.720040282
COG3713	274.407608696
COG3714	228.626086957
COG3715	262.639175258
COG3716	285.042857143
COG3717	276.635514019
COG3718	276.833333333
COG3719	256.18556701
COG3720	339.033707865
COG3721	204.604651163
COG3722	188.282051282
COG3723	304.80952381
COG3724	438.569230769
COG3725	281.458333333
COG3726	258.069767442
COG3727	163.00625
COG3728	185.823529412
COG3729	108.746987952
COG3730	185.680851064
COG3731	122.508474576
COG3732	348.666666667
COG3733	626.136363636
COG3734	314.211764706
COG3735	358.109375
COG3736	246.24691358
COG3737	126.693548387
COG3738	201.428571429
COG3739	275.909090909
COG3740	220.681481481
COG3741	280.70718232
COG3742	130.583333333
COG3743	358.119791667
COG3744	126.674796748
COG3745	286.541044776
COG3746	454.014285714
COG3747	147.493975904
COG3748	378.725490196
COG3749	168.762711864
COG3750	107.38
COG3751	248.283653846
COG3752	273.767676768
COG3753	151.946808511
COG3754	610.054545455
COG3755	184.907407407
COG3756	265.966666667
COG3757	331.253112033
COG3758	193.575342466
COG3759	128.741071429
COG3760	185.070422535
COG3761	131.169014085
COG3762	180.381944444
COG3763	75.6829268293
COG3764	268.5
COG3765	357.114942529
COG3766	140.986486486
COG3767	261.375
COG3768	368.4
COG3769	289.164179104
COG3770	317.75
COG3771	97.7777777778
COG3772	216.594142259
COG3773	257.82527881
COG3774	381.62
COG3775	422.15
COG3776	91.1714285714
COG3777	272.1625
COG3778	195.297297297
COG3779	303.964285714
COG3780	269.625
COG3781	306.687830688
COG3782	301.133333333
COG3783	127.818181818
COG3784	124.719101124
COG3785	111.712643678
COG3786	213.132653061
COG3787	151.8
COG3788	134.0
COG3789	179.730769231
COG3790	98.2580645161
COG3791	139.956435644
COG3792	118.923076923
COG3793	233.532110092
COG3794	239.446215139
COG3795	130.12244898
COG3797	184.752066116
COG3798	120.451612903
COG3799	385.575757576
COG3800	470.881656805
COG3801	129.744897959
COG3802	331.379310345
COG3803	192.527027027
COG3804	340.457142857
COG3805	124.512820513
COG3806	217.317073171
COG3807	214.398648649
COG3808	724.644578313
COG3809	124.1
COG3811	88.5333333333
COG3812	171.316326531
COG3813	85.6875
COG3814	174.547945205
COG3815	150.666666667
COG3816	191.571428571
COG3817	310.685185185
COG3818	175.416666667
COG3819	230.611111111
COG3820	223.616438356
COG3821	238.706896552
COG3822	216.794117647
COG3823	289.633333333
COG3824	148.571428571
COG3825	410.296296296
COG3826	249.28125
COG3827	645.222222222
COG3828	479.084337349
COG3829	605.736579967
COG3830	220.688888889
COG3831	403.518181818
COG3832	172.856899489
COG3833	326.677595628
COG3835	420.822222222
COG3836	261.908794788
COG3837	179.14559387
COG3838	113.443548387
COG3839	353.10326087
COG3840	234.655172414
COG3842	355.247805537
COG3843	508.634615385
COG3844	417.479452055
COG3845	511.855345912
COG3846	455.286956522
COG3847	62.6086956522
COG3848	748.096774194
COG3850	598.914835165
COG3851	504.5
COG3852	546.594548552
COG3853	387.477876106
COG3854	434.880733945
COG3855	632.204081633
COG3856	115.142857143
COG3857	1079.04477612
COG3858	543.101604278
COG3859	200.169491525
COG3860	201.898734177
COG3861	232.816326531
COG3862	137.205479452
COG3863	251.382352941
COG3864	455.911504425
COG3865	171.466346154
COG3866	553.5703125
COG3867	494.21686747
COG3868	456.065934066
COG3869	349.096774194
COG3870	107.792682927
COG3871	158.125
COG3872	314.649122807
COG3874	138.838383838
COG3875	432.131736527
COG3876	438.303664921
COG3877	119.014285714
COG3878	297.615384615
COG3879	263.523809524
COG3880	199.824074074
COG3881	255.430232558
COG3882	703.162790698
COG3883	428.094488189
COG3884	249.304347826
COG3885	385.8
COG3886	882.099337748
COG3887	667.823529412
COG3888	328.526315789
COG3889	834.097560976
COG3890	320.75
COG3892	618.842105263
COG3893	970.938053097
COG3894	590.175
COG3895	155.659340659
COG3896	189.538461538
COG3897	246.196428571
COG3898	726.926470588
COG3899	1286.55286344
COG3900	280.567567568
COG3901	707.214285714
COG3903	893.441741357
COG3904	314.733333333
COG3905	93.9606299213
COG3906	108.8
COG3907	247.892307692
COG3908	75.6136363636
COG3909	156.111111111
COG3910	252.285714286
COG3911	192.308641975
COG3913	283.967213115
COG3914	789.889830508
COG3915	180.803278689
COG3916	226.513888889
COG3917	216.048648649
COG3918	168.958333333
COG3919	422.866666667
COG3920	537.257718121
COG3921	284.404255319
COG3923	181.179487179
COG3924	86.1956521739
COG3925	553.538461538
COG3926	216.141509434
COG3930	478.25
COG3931	255.182795699
COG3932	211.839416058
COG3933	855.166666667
COG3934	539.209459459
COG3935	283.25
COG3936	354.777777778
COG3937	122.708333333
COG3938	333.930107527
COG3940	422.330357143
COG3941	961.607142857
COG3942	377.0625
COG3943	289.519047619
COG3944	361.123529412
COG3945	214.252747253
COG3946	415.971428571
COG3947	516.053333333
COG3948	319.460674157
COG3949	362.235294118
COG3950	468.169491525
COG3951	220.673913043
COG3952	151.348484848
COG3953	387.260869565
COG3954	290.583333333
COG3955	268.090909091
COG3956	294.382845188
COG3957	779.847926267
COG3958	316.104100946
COG3959	305.775384615
COG3960	577.475409836
COG3961	544.301204819
COG3962	615.769230769
COG3963	204.317460317
COG3964	396.883116883
COG3965	304.951219512
COG3966	392.709677419
COG3967	241.011764706
COG3968	714.166666667
COG3969	396.548387097
COG3970	338.348314607
COG3971	262.922413793
COG3972	699.407407407
COG3973	720.314814815
COG3975	581.06374502
COG3976	395.724637681
COG3977	420.455882353
COG3978	91.6458333333
COG3979	610.509259259
COG3980	392.366071429
COG3981	181.25
COG4001	471.466666667
COG4002	258.678571429
COG4003	113.272727273
COG4004	108.04
COG4006	327.553571429
COG4007	333.933333333
COG4008	300.846153846
COG4009	98.0
COG4010	178.4
COG4012	348.59375
COG4013	96.1666666667
COG4014	98.6785714286
COG4015	216.384615385
COG4016	171.923076923
COG4017	233.846153846
COG4018	506.307692308
COG4019	179.916666667
COG4020	319.12
COG4021	236.302325581
COG4022	276.756756757
COG4023	56.234375
COG4024	220.875
COG4025	268.571428571
COG4026	291.666666667
COG4027	445.5
COG4028	277.19047619
COG4029	145.266666667
COG4030	357.470588235
COG4031	195.87804878
COG4032	273.367088608
COG4033	105.607142857
COG4034	336.111111111
COG4035	103.25
COG4036	220.5
COG4037	161.75
COG4038	82.1818181818
COG4039	89.0
COG4040	86.4545454545
COG4041	165.166666667
COG4042	97.0
COG4043	162.727272727
COG4044	233.483870968
COG4046	372.071428571
COG4047	281.151515152
COG4048	178.321428571
COG4049	55.6
COG4050	154.862068966
COG4051	192.75
COG4052	293.774193548
COG4053	241.8
COG4054	439.486486486
COG4055	160.333333333
COG4056	203.464285714
COG4057	255.432432432
COG4058	547.052631579
COG4059	298.56
COG4060	248.64
COG4061	273.615384615
COG4062	103.36
COG4063	244.111111111
COG4064	77.4210526316
COG4065	488.24
COG4066	186.166666667
COG4067	229.888268156
COG4068	71.35
COG4069	371.380952381
COG4070	878.068965517
COG4071	297.384615385
COG4072	176.0625
COG4073	205.615384615
COG4074	349.636363636
COG4075	114.727272727
COG4076	329.6
COG4077	150.9
COG4078	220.416666667
COG4079	276.333333333
COG4080	149.346153846
COG4081	161.526315789
COG4083	290.142857143
COG4084	138.75
COG4085	531.897435897
COG4086	295.30952381
COG4087	173.941176471
COG4088	254.727272727
COG4089	238.886363636
COG4090	158.454545455
COG4091	426.164835165
COG4092	545.333333333
COG4093	355.155555556
COG4094	210.75
COG4095	95.0540540541
COG4096	853.168
COG4097	403.146788991
COG4098	479.085106383
COG4099	387.548148148
COG4100	412.932038835
COG4101	157.611940299
COG4102	456.35106383
COG4103	241.407407407
COG4104	320.892
COG4105	363.680089485
COG4106	264.230179028
COG4107	262.623376623
COG4108	529.572519084
COG4109	440.273809524
COG4110	335.145833333
COG4111	259.055555556
COG4112	205.571428571
COG4113	133.559322034
COG4114	258.197368421
COG4115	96.6019417476
COG4116	185.346153846
COG4117	250.255172414
COG4118	86.0762711864
COG4119	166.62295082
COG4120	310.352941176
COG4121	436.97188755
COG4122	262.247074122
COG4123	270.0968523
COG4124	489.141975309
COG4125	151.0
COG4126	245.736526946
COG4127	367.5
COG4128	353.222222222
COG4129	352.907103825
COG4130	272.571428571
COG4132	298.210526316
COG4133	212.627906977
COG4134	395.08988764
COG4135	529.083333333
COG4136	224.235294118
COG4137	269.40397351
COG4138	252.259259259
COG4139	321.25
COG4143	346.954545455
COG4145	482.777777778
COG4146	543.129251701
COG4147	562.439903846
COG4148	317.777777778
COG4149	255.491150442
COG4150	331.106382979
COG4152	292.220430108
COG4154	145.506329114
COG4158	330.020833333
COG4160	235.317567568
COG4161	245.305555556
COG4166	573.739325843
COG4167	266.954545455
COG4168	321.075
COG4170	326.446808511
COG4171	327.559322034
COG4172	558.87254902
COG4174	359.4
COG4175	383.748
COG4176	355.848837209
COG4177	397.560119048
COG4178	581.88
COG4181	229.458333333
COG4185	212.605504587
COG4186	211.566037736
COG4187	537.882352941
COG4188	426.037356322
COG4189	278.369565217
COG4190	136.03125
COG4191	672.283156833
COG4192	722.968253968
COG4193	521.964285714
COG4194	305.923076923
COG4195	249.258064516
COG4196	1092.03960396
COG4197	113.966101695
COG4198	420.54822335
COG4199	724.848484848
COG4200	246.942028986
COG4206	819.827027027
COG4208	289.679069767
COG4209	317.23580786
COG4211	351.630434783
COG4213	353.69527897
COG4214	405.770833333
COG4215	238.287581699
COG4218	70.0454545455
COG4219	589.882154882
COG4220	188.483870968
COG4221	371.180592992
COG4222	608.715025907
COG4223	801.271028037
COG4224	84.7246376812
COG4225	440.887804878
COG4226	115.48245614
COG4227	326.472727273
COG4228	401.833333333
COG4229	233.373134328
COG4230	1087.61702128
COG4231	638.803607214
COG4232	470.087378641
COG4233	571.333333333
COG4235	380.940520446
COG4237	217.203703704
COG4238	96.7727272727
COG4239	365.939393939
COG4240	340.089285714
COG4241	314.12
COG4242	317.518987342
COG4243	261.751633987
COG4244	212.454022989
COG4245	238.293103448
COG4246	341.4375
COG4247	631.697368421
COG4248	587.761904762
COG4249	713.952641166
COG4250	519.391891892
COG4251	697.248777079
COG4252	730.538674033
COG4253	824.972972973
COG4254	484.789115646
COG4255	335.0
COG4256	65.5425531915
COG4257	569.210526316
COG4258	840.900900901
COG4259	128.285714286
COG4260	368.345588235
COG4261	357.163043478
COG4262	545.652941176
COG4263	618.273684211
COG4264	609.320855615
COG4266	352.784313725
COG4267	471.894736842
COG4268	411.829787234
COG4269	351.746268657
COG4270	138.304093567
COG4271	291.8
COG4272	145.527272727
COG4273	144.318181818
COG4274	102.578947368
COG4275	244.333333333
COG4276	213.738219895
COG4277	407.964788732
COG4278	239.743589744
COG4279	381.658730159
COG4280	235.857142857
COG4281	115.526315789
COG4282	274.893617021
COG4283	172.204545455
COG4284	559.483870968
COG4285	317.0625
COG4286	302.5625
COG4287	467.666666667
COG4288	199.451612903
COG4289	542.9625
COG4290	202.227722772
COG4291	221.294736842
COG4292	396.272727273
COG4293	239.645833333
COG4294	317.6875
COG4295	289.525
COG4296	226.888888889
COG4297	177.756097561
COG4298	103.97826087
COG4299	383.469387755
COG4300	213.078947368
COG4301	334.438356164
COG4302	268.483333333
COG4303	473.233870968
COG4304	155.875
COG4305	325.0
COG4306	163.8
COG4307	350.925925926
COG4308	144.222222222
COG4309	143.159663866
COG4310	444.75862069
COG4311	98.2277227723
COG4312	248.282051282
COG4313	312.540145985
COG4314	226.372781065
COG4315	182.392857143
COG4316	134.294117647
COG4317	82.4651162791
COG4318	241.944444444
COG4319	180.488778055
COG4320	446.641221374
COG4321	101.059322034
COG4322	280.548387097
COG4323	114.90625
COG4324	366.048780488
COG4325	432.761061947
COG4326	269.643835616
COG4327	112.303797468
COG4328	297.285714286
COG4329	175.892857143
COG4330	226.985074627
COG4331	155.333333333
COG4332	192.074074074
COG4333	187.461538462
COG4334	126.25
COG4335	323.534090909
COG4336	264.988235294
COG4337	217.869565217
COG4338	60.1612903226
COG4339	269.381355932
COG4340	245.194805195
COG4341	196.044117647
COG4342	307.0625
COG4343	277.696969697
COG4344	183.956521739
COG4345	187.923076923
COG4346	497.12244898
COG4347	218.31372549
COG4352	149.375
COG4353	182.692307692
COG4354	813.721311475
COG4357	117.551724138
COG4359	231.858974359
COG4360	304.731707317
COG4362	440.176470588
COG4365	531.836956522
COG4367	146.6
COG4370	444.462962963
COG4371	314.41025641
COG4372	557.559670782
COG4373	507.989130435
COG4374	118.066666667
COG4377	263.6
COG4378	105.325
COG4379	339.068965517
COG4380	264.333333333
COG4381	139.3
COG4382	161.444444444
COG4383	517.53968254
COG4384	196.448275862
COG4385	286.421052632
COG4386	584.411764706
COG4387	145.821428571
COG4388	337.711111111
COG4389	688.470588235
COG4390	113.518518519
COG4391	70.8613138686
COG4392	107.324324324
COG4393	313.566666667
COG4394	380.322033898
COG4395	291.652173913
COG4396	167.125
COG4397	337.619047619
COG4398	400.805194805
COG4399	389.755905512
COG4401	130.112068966
COG4402	463.428571429
COG4403	788.562962963
COG4405	161.614457831
COG4408	430.888888889
COG4409	618.691489362
COG4412	877.38028169
COG4413	394.119047619
COG4416	66.625
COG4420	197.556291391
COG4421	544.395833333
COG4422	271.0625
COG4423	116.857142857
COG4424	402.083333333
COG4425	556.12244898
COG4427	344.881355932
COG4430	181.858921162
COG4443	78.9428571429
COG4445	209.427350427
COG4446	185.346456693
COG4447	647.810769231
COG4448	328.873134328
COG4449	604.153846154
COG4451	269.065217391
COG4452	452.912280702
COG4453	95.6519337017
COG4454	271.264864865
COG4455	274.512195122
COG4456	81.9696969697
COG4457	1007.85
COG4458	829.238095238
COG4459	57.9285714286
COG4460	134.291666667
COG4461	276.345238095
COG4463	154.8625
COG4464	252.418918919
COG4465	262.723684211
COG4466	87.5
COG4467	159.339622642
COG4468	489.941176471
COG4469	348.466666667
COG4470	151.862068966
COG4471	92.8275862069
COG4472	88.8705882353
COG4473	393.87804878
COG4474	188.818181818
COG4475	187.488888889
COG4476	91.44
COG4477	675.512820513
COG4478	242.882352941
COG4479	87.3461538462
COG4481	67.2446808511
COG4483	70.25
COG4485	840.887096774
COG4487	481.038461538
COG4492	179.75
COG4493	206.52
COG4495	98.0416666667
COG4496	102.102040816
COG4499	614.846153846
COG4502	190.339285714
COG4506	144.253968254
COG4508	182.256410256
COG4509	294.949152542
COG4512	202.661016949
COG4517	107.583333333
COG4518	129.571428571
COG4519	97.2380952381
COG4520	167.5
COG4521	337.3
COG4525	262.5
COG4529	547.143712575
COG4530	170.059701493
COG4531	363.15503876
COG4533	518.123287671
COG4535	288.241610738
COG4536	416.184210526
COG4537	116.815789474
COG4538	210.315789474
COG4539	158.791666667
COG4540	194.074468085
COG4541	103.2
COG4542	298.537037037
COG4544	253.602941176
COG4545	89.0
COG4547	620.972477064
COG4548	690.95620438
COG4549	240.126436782
COG4550	134.076923077
COG4551	114.536585366
COG4552	382.188405797
COG4553	414.930769231
COG4555	255.684931507
COG4558	297.793333333
COG4559	268.556451613
COG4564	542.005494505
COG4565	244.31797235
COG4566	215.717026379
COG4567	192.942307692
COG4568	84.75
COG4569	301.349593496
COG4570	143.52293578
COG4571	340.433333333
COG4572	118.948051948
COG4573	481.465517241
COG4574	153.333333333
COG4575	107.364705882
COG4576	94.012987013
COG4577	132.367924528
COG4578	132.976744186
COG4579	591.014084507
COG4580	449.043859649
COG4581	872.703703704
COG4582	267.231481481
COG4583	191.350515464
COG4584	426.396931927
COG4585	478.982608696
COG4586	319.043165468
COG4587	268.865671642
COG4588	257.25
COG4589	281.969529086
COG4590	735.840909091
COG4591	466.048245614
COG4592	313.771428571
COG4594	293.266666667
COG4597	398.625
COG4598	257.434782609
COG4603	374.537473233
COG4604	251.02247191
COG4605	322.122222222
COG4606	315.933333333
COG4607	320.76
COG4608	353.814674257
COG4615	548.567010309
COG4618	585.785714286
COG4619	218.101694915
COG4623	479.353741497
COG4624	554.414893617
COG4625	1469.15601023
COG4626	542.527777778
COG4627	291.198019802
COG4628	95.6578947368
COG4630	489.153846154
COG4631	794.180952381
COG4632	535.165254237
COG4633	254.538461538
COG4634	113.132596685
COG4635	183.284722222
COG4636	206.006802721
COG4637	402.528700906
COG4638	389.580813347
COG4639	440.790055249
COG4640	339.246153846
COG4641	482.559055118
COG4642	358.017241379
COG4643	526.347826087
COG4644	752.678733032
COG4645	405.847058824
COG4646	1987.90410959
COG4647	154.647058824
COG4648	208.287878788
COG4649	257.333333333
COG4650	510.588235294
COG4651	562.932291667
COG4652	637.25
COG4653	409.409326425
COG4654	328.929824561
COG4655	542.637681159
COG4656	504.276223776
COG4657	197.675
COG4658	349.509960159
COG4659	230.083665339
COG4660	222.173267327
COG4662	232.104477612
COG4663	361.289389068
COG4664	495.486792453
COG4665	200.54601227
COG4666	695.551612903
COG4667	304.369565217
COG4668	506.476470588
COG4669	267.016393443
COG4670	524.680555556
COG4671	396.025862069
COG4672	263.94
COG4674	263.405
COG4675	230.417355372
COG4676	631.983606557
COG4677	501.482142857
COG4678	328.554054054
COG4679	113.85026738
COG4680	99.9923076923
COG4681	182.730434783
COG4682	151.815789474
COG4683	117.71641791
COG4684	195.537037037
COG4685	519.428571429
COG4687	126.708333333
COG4688	655.608695652
COG4689	246.073170732
COG4690	501.566037736
COG4691	110.887640449
COG4692	450.188405797
COG4693	410.470588235
COG4694	695.051282051
COG4695	414.032388664
COG4696	171.428571429
COG4697	455.466666667
COG4698	202.0
COG4699	113.5
COG4700	349.638888889
COG4701	152.206349206
COG4702	177.565217391
COG4703	76.0
COG4704	190.046511628
COG4705	273.075949367
COG4706	159.752808989
COG4707	103.666666667
COG4708	166.731707317
COG4709	234.736842105
COG4710	78.1956521739
COG4711	281.142857143
COG4712	218.4375
COG4713	508.913043478
COG4714	284.80952381
COG4715	760.708520179
COG4716	549.363636364
COG4717	1080.91304348
COG4718	113.295454545
COG4719	499.577777778
COG4720	209.786324786
COG4721	202.129032258
COG4722	350.795454545
COG4723	201.191489362
COG4724	1019.14285714
COG4725	219.519230769
COG4726	297.448598131
COG4727	276.172413793
COG4728	91.1505376344
COG4729	159.794520548
COG4731	159.495145631
COG4732	173.219512195
COG4733	1199.06007067
COG4734	200.675
COG4735	283.511627907
COG4736	58.593220339
COG4737	114.614457831
COG4738	132.115384615
COG4739	173.018867925
COG4740	197.125
COG4741	174.090909091
COG4742	257.956331878
COG4743	317.509803922
COG4744	111.412698413
COG4745	681.545454545
COG4746	86.1219512195
COG4747	181.370786517
COG4748	464.273809524
COG4749	199.371428571
COG4750	487.833333333
COG4752	236.402985075
COG4753	423.231578947
COG4754	350.461538462
COG4755	139.526315789
COG4756	342.916666667
COG4757	305.670886076
COG4758	254.585714286
COG4759	325.0
COG4760	267.67961165
COG4762	221.931818182
COG4763	362.666666667
COG4764	201.823529412
COG4765	197.390625
COG4766	174.666666667
COG4767	253.377358491
COG4768	150.390625
COG4769	185.21686747
COG4770	473.620583717
COG4771	871.228784404
COG4772	769.24665392
COG4773	771.593673966
COG4774	795.38370565
COG4775	757.321465969
COG4776	652.980392157
COG4778	237.207792208
COG4779	347.832116788
COG4781	595.04
COG4782	396.04950495
COG4783	470.212244898
COG4784	440.171428571
COG4785	319.230769231
COG4786	301.32970451
COG4787	250.169230769
COG4789	681.0
COG4790	225.928571429
COG4791	267.910714286
COG4792	339.8
COG4794	86.9
COG4795	229.425149701
COG4796	692.639908257
COG4797	612.193548387
COG4798	265.148148148
COG4799	564.472631579
COG4800	171.307692308
COG4801	294.710526316
COG4802	133.59
COG4803	172.052083333
COG4804	304.691176471
COG4805	592.01986755
COG4806	409.76744186
COG4807	149.414634146
COG4808	198.230769231
COG4809	445.818181818
COG4810	115.931818182
COG4811	154.142857143
COG4812	240.923076923
COG4813	252.383561644
COG4814	292.909090909
COG4815	162.032258065
COG4816	237.509433962
COG4817	125.285714286
COG4818	129.517857143
COG4819	478.0
COG4820	279.394736842
COG4821	250.555555556
COG4822	301.35106383
COG4823	298.204545455
COG4824	142.253731343
COG4825	383.352112676
COG4826	418.781021898
COG4827	241.538461538
COG4828	130.176470588
COG4829	100.466666667
COG4830	99.7307692308
COG4831	116.791666667
COG4832	194.743589744
COG4833	413.931506849
COG4834	318.64516129
COG4835	128.125
COG4836	77.8181818182
COG4837	104.625
COG4838	94.5238095238
COG4839	127.342105263
COG4840	92.1666666667
COG4841	98.0
COG4842	156.752336449
COG4843	187.126582278
COG4844	81.6285714286
COG4845	212.106060606
COG4846	163.75
COG4847	105.692307692
COG4848	281.9
COG4849	251.625
COG4850	363.434343434
COG4851	381.37037037
COG4852	135.586956522
COG4853	284.416666667
COG4854	142.0
COG4855	75.6666666667
COG4856	360.158940397
COG4857	395.246753247
COG4858	235.6875
COG4859	236.291666667
COG4860	172.76
COG4861	377.322580645
COG4862	221.472727273
COG4863	445.142857143
COG4864	329.471264368
COG4865	465.111111111
COG4866	306.384615385
COG4867	493.84375
COG4868	484.564102564
COG4869	240.606741573
COG4870	678.628571429
COG4871	229.358974359
COG4872	429.659574468
COG4873	66.8181818182
COG4874	312.379310345
COG4875	172.976744186
COG4876	93.652173913
COG4877	67.3626373626
COG4878	652.769230769
COG4879	246.666666667
COG4880	677.483333333
COG4881	391.636363636
COG4882	467.941176471
COG4883	498.736842105
COG4884	208.5
COG4885	338.0
COG4886	583.093872229
COG4887	201.951219512
COG4888	199.074074074
COG4889	1327.36666667
COG4890	40.2567567568
COG4891	154.0
COG4892	137.857142857
COG4893	124.25
COG4894	245.795180723
COG4895	66.6901408451
COG4896	65.1538461538
COG4897	75.6666666667
COG4898	117.478873239
COG4899	199.263157895
COG4900	136.166666667
COG4901	103.708333333
COG4902	227.433962264
COG4903	190.0
COG4904	175.5
COG4905	280.506666667
COG4906	746.928571429
COG4907	594.5
COG4908	471.615384615
COG4909	572.72
COG4910	164.16
COG4911	138.314814815
COG4912	229.694174757
COG4913	1063.22340426
COG4914	188.086956522
COG4915	262.4375
COG4916	408.866666667
COG4917	149.886363636
COG4918	111.5
COG4919	53.6666666667
COG4920	250.952380952
COG4921	127.230769231
COG4922	172.976470588
COG4923	245.657894737
COG4924	376.340425532
COG4925	159.542372881
COG4926	754.722222222
COG4927	366.088888889
COG4928	636.426470588
COG4929	236.180327869
COG4930	622.882352941
COG4932	1385.99336283
COG4933	170.610169492
COG4934	842.601226994
COG4935	922.167883212
COG4936	557.903225806
COG4937	442.0
COG4938	441.452054795
COG4939	248.617647059
COG4940	151.928571429
COG4941	408.702531646
COG4942	437.692722372
COG4943	502.8
COG4944	215.910714286
COG4945	798.381818182
COG4946	1047.6446281
COG4947	231.095238095
COG4948	381.65483871
COG4949	436.577777778
COG4950	318.586206897
COG4951	723.433962264
COG4952	396.133333333
COG4953	753.746987952
COG4954	138.243243243
COG4955	603.260273973
COG4956	358.30625
COG4957	156.904494382
COG4959	183.016528926
COG4960	181.336538462
COG4961	264.266025641
COG4962	429.450834879
COG4963	411.857819905
COG4964	469.740196078
COG4965	307.524242424
COG4966	310.309859155
COG4967	188.095846645
COG4968	190.487068966
COG4969	176.218309859
COG4970	187.936170213
COG4972	384.038251366
COG4973	299.26035503
COG4974	325.537336413
COG4975	303.297297297
COG4976	338.885245902
COG4977	307.347320852
COG4978	244.007751938
COG4980	139.310526316
COG4981	1440.0
COG4982	2367.94117647
COG4983	714.939393939
COG4984	501.863636364
COG4985	542.543478261
COG4986	558.336956522
COG4987	572.856382979
COG4988	627.952380952
COG4989	301.0546875
COG4990	416.522727273
COG4991	357.524647887
COG4992	406.180952381
COG4993	647.229591837
COG4994	182.69047619
COG4995	1030.35974026
COG4996	157.923076923
COG4997	156.041666667
COG4998	223.0
COG4999	906.777777778
COG5000	689.527258567
COG5001	803.691956882
COG5002	674.863567305
COG5003	193.888888889
COG5004	77.7333333333
COG5005	164.0
COG5006	295.882352941
COG5007	83.0125
COG5008	381.344827586
COG5009	806.260240964
COG5010	428.511111111
COG5011	489.319526627
COG5012	273.238675958
COG5013	1116.56626506
COG5014	285.608695652
COG5015	145.422535211
COG5016	565.400793651
COG5017	201.552631579
COG5018	208.129032258
COG5019	411.375
COG5022	586.666666667
COG5025	209.0
COG5026	427.466666667
COG5028	397.0
COG5029	725.857142857
COG5031	245.414285714
COG5032	272.0
COG5033	240.666666667
COG5036	270.0
COG5038	194.0
COG5039	348.3
COG5042	347.9375
COG5044	355.0
COG5048	362.133333333
COG5049	409.0
COG5050	344.0
COG5055	269.0
COG5056	325.0
COG5061	393.0
COG5066	441.5
COG5068	212.0
COG5074	854.75
COG5075	1002.0
COG5077	343.0
COG5078	379.916666667
COG5082	467.0
COG5083	293.2
COG5094	461.0
COG5096	647.0
COG5107	674.5
COG5108	776.0
COG5111	144.0
COG5113	646.5
COG5114	843.0
COG5119	133.571428571
COG5125	672.0
COG5126	295.951923077
COG5129	653.0
COG5131	82.0
COG5135	205.382352941
COG5139	7279.0
COG5144	875.5
COG5146	277.733333333
COG5147	860.0
COG5148	780.0
COG5151	744.5
COG5153	782.307692308
COG5156	579.5
COG5158	814.0
COG5160	777.142857143
COG5161	339.0
COG5164	915.587301587
COG5166	162.0
COG5177	1162.0
COG5178	1050.0
COG5180	762.857142857
COG5182	812.0
COG5183	795.833333333
COG5184	726.131004367
COG5185	731.434782609
COG5186	911.428571429
COG5187	814.0
COG5188	590.0
COG5190	190.2
COG5191	390.0
COG5192	2758.0
COG5197	61.0
COG5198	170.0
COG5206	662.8
COG5207	182.75
COG5209	632.0
COG5212	327.5
COG5215	312.0
COG5217	621.0
COG5222	858.5
COG5225	690.0
COG5235	207.0
COG5238	470.315789474
COG5239	364.75
COG5243	75.0
COG5244	480.0
COG5250	120.0
COG5253	818.0
COG5255	252.2
COG5256	435.684782609
COG5257	412.421686747
COG5258	534.757575758
COG5260	174.545454545
COG5263	845.4
COG5264	217.0
COG5265	582.308176101
COG5266	269.405797101
COG5267	529.658536585
COG5268	102.258064516
COG5269	765.0
COG5270	614.579710145
COG5271	1087.57142857
COG5272	268.714285714
COG5274	372.833333333
COG5275	696.75
COG5276	853.714285714
COG5277	405.2
COG5278	674.981481481
COG5279	440.652173913
COG5280	912.653846154
COG5281	916.464285714
COG5282	407.323529412
COG5283	941.716049383
COG5285	296.506876228
COG5290	1093.5
COG5293	610.625
COG5294	129.641025641
COG5295	1445.6
COG5296	604.0
COG5297	581.295081967
COG5298	519.1
COG5301	497.966666667
COG5302	84.3469387755
COG5304	95.0192307692
COG5305	565.891089109
COG5306	975.976190476
COG5307	472.333333333
COG5309	679.719512195
COG5310	472.170731707
COG5314	280.49122807
COG5316	525.793814433
COG5317	173.390243902
COG5319	150.371134021
COG5321	166.314814815
COG5322	572.86746988
COG5323	434.64
COG5324	745.8
COG5325	1111.0
COG5328	164.928571429
COG5329	598.5
COG5330	392.019230769
COG5331	140.720930233
COG5336	110.20661157
COG5337	556.260869565
COG5338	466.175675676
COG5339	484.333333333
COG5340	241.657480315
COG5341	132.712765957
COG5342	200.390243902
COG5343	263.095238095
COG5345	350.270833333
COG5346	145.333333333
COG5349	136.803149606
COG5350	195.27027027
COG5351	563.370786517
COG5352	179.151898734
COG5353	164.0
COG5354	498.0
COG5360	584.339449541
COG5361	439.544378698
COG5362	446.75
COG5368	498.454545455
COG5371	379.0
COG5373	733.748538012
COG5375	235.492753623
COG5377	309.339285714
COG5378	145.333333333
COG5379	403.387096774
COG5380	321.636363636
COG5381	192.952380952
COG5383	417.607142857
COG5384	2173.66666667
COG5385	215.13559322
COG5386	613.909090909
COG5387	248.233333333
COG5388	192.092105263
COG5389	167.125
COG5393	132.727272727
COG5394	188.385714286
COG5395	169.0
COG5397	321.125
COG5398	235.56043956
COG5399	151.625
COG5400	229.422222222
COG5401	295.467455621
COG5402	199.125
COG5403	251.15
COG5404	162.054054054
COG5405	181.140306122
COG5406	481.666666667
COG5407	207.666666667
COG5410	479.647887324
COG5411	496.0
COG5412	1015.41447368
COG5413	205.648648649
COG5414	587.875
COG5415	618.0
COG5416	122.006535948
COG5417	81.375
COG5418	197.612903226
COG5419	202.611940299
COG5420	72.4318181818
COG5421	478.23963964
COG5422	208.0
COG5423	223.573033708
COG5424	266.86746988
COG5425	94.2682926829
COG5426	696.235294118
COG5427	946.119047619
COG5428	79.8352941176
COG5429	252.320512821
COG5430	209.444444444
COG5431	120.382978723
COG5432	935.0
COG5433	328.78807947
COG5434	582.925
COG5435	165.836734694
COG5436	185.413793103
COG5437	143.511627907
COG5438	384.610294118
COG5439	145.826086957
COG5440	160.173913043
COG5441	419.628571429
COG5442	128.788461538
COG5443	142.111111111
COG5444	573.045454545
COG5445	478.125
COG5446	288.793103448
COG5447	112.526315789
COG5448	263.271186441
COG5449	276.930555556
COG5450	71.4109589041
COG5451	163.9375
COG5452	185.25
COG5453	96.7307692308
COG5454	90.2
COG5455	149.971830986
COG5456	170.444444444
COG5457	74.9166666667
COG5458	141.388888889
COG5459	383.220338983
COG5460	83.0909090909
COG5461	224.605263158
COG5462	151.824561404
COG5463	233.542372881
COG5464	272.371031746
COG5465	207.795918367
COG5466	67.8571428571
COG5467	107.192982456
COG5468	178.921875
COG5469	130.265822785
COG5470	107.686915888
COG5471	111.233333333
COG5472	159.513513514
COG5473	270.207407407
COG5474	166.419354839
COG5475	70.0344827586
COG5476	491.127272727
COG5477	99.2745098039
COG5478	147.371794872
COG5479	554.836363636
COG5480	207.863636364
COG5481	73.7
COG5482	240.24137931
COG5483	179.895104895
COG5484	281.275862069
COG5485	173.361788618
COG5486	265.649122807
COG5487	58.0446428571
COG5488	167.166666667
COG5489	121.513157895
COG5490	148.161764706
COG5491	226.068965517
COG5492	971.166666667
COG5493	272.040816327
COG5494	257.6
COG5495	288.721311475
COG5496	136.916030534
COG5497	231.0
COG5498	942.1875
COG5499	133.269662921
COG5500	164.690140845
COG5501	193.047945205
COG5502	171.064285714
COG5503	69.92
COG5504	280.119047619
COG5505	401.197674419
COG5506	157.733333333
COG5507	133.23255814
COG5508	69.7538461538
COG5509	68.3888888889
COG5510	53.4587155963
COG5511	486.669565217
COG5512	160.613733906
COG5513	219.955223881
COG5514	217.05
COG5515	67.6585365854
COG5516	192.053658537
COG5517	165.248756219
COG5518	545.571428571
COG5519	736.21978022
COG5520	596.769230769
COG5521	271.3
COG5522	241.805555556
COG5523	259.396825397
COG5524	258.923076923
COG5525	633.084033613
COG5526	349.5
COG5527	368.144927536
COG5528	153.177777778
COG5529	608.647058824
COG5530	238.675
COG5531	319.580645161
COG5532	275.705882353
COG5533	738.75
COG5534	341.875
COG5539	907.5
COG5540	234.0
COG5542	418.181818182
COG5544	163.666666667
COG5545	637.151515152
COG5546	86.0
COG5547	85.0714285714
COG5548	107.454545455
COG5549	504.468208092
COG5550	128.071428571
COG5551	284.580357143
COG5552	93.4615384615
COG5553	209.654676259
COG5554	71.2903225806
COG5555	512.416666667
COG5556	147.647058824
COG5557	423.982905983
COG5558	309.869565217
COG5561	118.897058824
COG5562	134.4375
COG5563	473.449541284
COG5564	304.776119403
COG5565	285.714285714
COG5566	119.786885246
COG5567	70.3333333333
COG5568	84.4423076923
COG5569	272.551219512
COG5570	60.9583333333
COG5571	531.361111111
COG5572	97.6031746032
COG5573	145.090909091
COG5574	946.0
COG5575	466.0
COG5577	138.340909091
COG5578	220.805970149
COG5579	146.933333333
COG5580	141.444444444
COG5581	245.959731544
COG5582	174.5
COG5583	63.6285714286
COG5584	102.869565217
COG5585	435.777777778
COG5586	169.5
COG5587	226.218978102
COG5588	209.375
COG5589	171.973684211
COG5590	222.787234043
COG5591	107.56
COG5592	207.566473988
COG5593	344.0
COG5595	247.0
COG5597	279.5
COG5598	466.384615385
COG5599	468.5
COG5602	1125.7
COG5604	2045.0
COG5605	113.27027027
COG5606	117.459016393
COG5607	422.309803922
COG5608	243.240740741
COG5609	139.774193548
COG5610	752.170212766
COG5611	130.764705882
COG5612	171.55
COG5613	416.25
COG5614	112.490384615
COG5615	163.543478261
COG5616	604.103448276
COG5617	783.545454545
COG5618	237.484848485
COG5619	238.222222222
COG5620	202.136363636
COG5621	372.92173913
COG5622	148.639175258
COG5624	1039.66666667
COG5625	434.896551724
COG5626	102.267857143
COG5627	442.333333333
COG5628	166.666666667
COG5630	469.583333333
COG5631	184.41025641
COG5632	389.504761905
COG5633	129.673913043
COG5634	272.36
COG5635	1032.40169133
COG5637	210.502762431
COG5638	608.0
COG5639	80.5571428571
COG5640	362.12605042
COG5642	155.2
COG5643	517.722222222
COG5644	2745.71428571
COG5645	96.98
COG5646	137.232758621
COG5648	761.0
COG5649	141.541666667
COG5650	510.56122449
COG5651	630.210526316
COG5652	214.191780822
COG5653	390.920318725
COG5654	160.338842975
COG5655	248.666666667
COG5658	200.638297872
COG5659	384.969325153
COG5660	216.139534884
COG5661	205.333333333
COG5662	254.068656716
COG5663	206.418604651
COG5664	203.0
COG5665	817.8
