223212	COG0134
223213	COG0135
223210	COG0132
223211	COG0133
223216	COG0138
223217	COG0139
223214	COG0136
223215	COG0137
226753	COG4303
226022	COG3491
223218	COG0140
223219	COG0141
226504	COG4017
227911	COG5624
226023	COG3492
226541	COG4055
226020	COG3489
226200	COG3675
226021	COG3490
224424	COG1507
224425	COG1508
224426	COG1509
224427	COG1510
224420	COG1503
224421	COG1504
224422	COG1505
224423	COG1506
227910	COG5623
224428	COG1511
224429	COG1512
226540	COG4054
227087	COG4744
227086	COG4743
227913	COG5626
226543	COG4057
225728	COG3187
227084	COG4741
225874	COG3337
223328	COG0250
223329	COG0251
223326	COG0248
223327	COG0249
223324	COG0246
223325	COG0247
223322	COG0244
223323	COG0245
223320	COG0242
223321	COG0243
227528	COG5201
227529	COG5202
227838	COG5551
225941	COG3407
227524	COG5197
227525	COG5198
227526	COG5199
227080	COG4737
227520	COG5193
227521	COG5194
227522	COG5195
225729	COG3188
224330	COG1412
224331	COG1413
224332	COG1414
224333	COG1415
224334	COG1416
224335	COG1417
224336	COG1418
224337	COG1419
224338	COG1420
224339	COG1421
227518	COG5191
224503	COG1587
224936	COG2025
224937	COG2026
224934	COG2023
224935	COG2024
224932	COG2021
224933	COG2022
224930	COG2019
224931	COG2020
227088	COG4745
227841	COG5554
224938	COG2027
224939	COG2028
227788	COG5501
227789	COG5502
227840	COG5553
227671	COG5380
227780	COG5493
226111	COG3583
227782	COG5495
225631	COG3089
227784	COG5497
224502	COG1586
227786	COG5499
227787	COG5500
227238	COG4901
227239	COG4902
225611	COG3069
226156	COG3629
227230	COG4893
227231	COG4894
227232	COG4895
227233	COG4896
227234	COG4897
227235	COG4898
227236	COG4899
227237	COG4900
227010	COG4664
227011	COG4665
227012	COG4666
227013	COG4667
227014	COG4668
227015	COG4669
227016	COG4670
227017	COG4671
227018	COG4672
227019	COG4674
227882	COG5595
227679	COG5389
223146	COG0068
223147	COG0069
223144	COG0066
223145	COG0067
223142	COG0064
223143	COG0065
223140	COG0062
223141	COG0063
225875	COG3338
223148	COG0070
223149	COG0071
227304	COG4969
227305	COG4970
226073	COG3543
227307	COG4973
227300	COG4965
227301	COG4966
227302	COG4967
227303	COG4968
227776	COG5489
227308	COG4974
227309	COG4975
227658	COG5360
227659	COG5361
227477	COG5148
227827	COG5540
225041	COG2130
223449	COG0372
223448	COG0371
223443	COG0366
223442	COG0365
223441	COG0364
223440	COG0363
223447	COG0370
223446	COG0369
223445	COG0368
223444	COG0367
225992	COG3461
227826	COG5539
225012	COG2101
226137	COG3610
227488	COG5159
225013	COG2102
226233	COG3710
224505	COG1589
225010	COG2099
226232	COG3709
225011	COG2100
226983	COG4636
223537	COG0461
223536	COG0460
223535	COG0459
223534	COG0458
223533	COG0457
223532	COG0456
223531	COG0455
223530	COG0454
226237	COG3714
225616	COG3074
227109	COG4768
224545	COG1630
223539	COG0463
223538	COG0462
223847	COG0776
223846	COG0775
223845	COG0774
223844	COG0773
223843	COG0772
223842	COG0771
223841	COG0770
223840	COG0769
226440	COG3930
224543	COG1628
225136	COG2226
224692	COG1778
223849	COG0778
223848	COG0777
226989	COG4642
226477	COG3968
224541	COG1626
226988	COG4641
224540	COG1625
226239	COG3716
227823	COG5536
225876	COG3339
226238	COG3715
226789	COG4339
225618	COG3076
226787	COG4337
226786	COG4336
226785	COG4335
226784	COG4334
226783	COG4333
226782	COG4332
226781	COG4331
226780	COG4330
226950	COG4584
227822	COG5535
225478	COG2926
225479	COG2927
226301	COG3778
226300	COG3777
226307	COG3784
225619	COG3077
226305	COG3782
226304	COG3781
225470	COG2918
225471	COG2919
225472	COG2920
225473	COG2921
225474	COG2922
225475	COG2923
225476	COG2924
225477	COG2925
226493	COG4004
226492	COG4003
226491	COG4002
226490	COG4001
226497	COG4009
226496	COG4008
226495	COG4007
225995	COG3464
226499	COG4012
226498	COG4010
226879	COG4473
226878	COG4472
227947	COG5660
226871	COG4465
226870	COG4464
226873	COG4467
226872	COG4466
226875	COG4469
226874	COG4468
226877	COG4471
226876	COG4470
225782	COG3242
225783	COG3243
224659	COG1745
224658	COG1744
225786	COG3247
225787	COG3248
225784	COG3245
225785	COG3246
224653	COG1739
224652	COG1738
224651	COG1737
224650	COG1736
224657	COG1743
224656	COG1742
224655	COG1741
224654	COG1740
225272	COG2409
225273	COG2410
225270	COG2406
225271	COG2407
225276	COG2413
225277	COG2414
225274	COG2411
225275	COG2412
226624	COG4143
225278	COG2419
225279	COG2421
227506	COG5179
226337	COG3816
225617	COG3075
227934	COG5647
226626	COG4146
226279	COG3756
226278	COG3755
226277	COG3754
226276	COG3753
226275	COG3752
226274	COG3751
226273	COG3750
226272	COG3749
226271	COG3748
226109	COG3581
227931	COG5644
227306	COG4972
227726	COG5439
226803	COG4360
226598	COG4113
226216	COG3692
224257	COG1338
224256	COG1337
224255	COG1336
224254	COG1335
224253	COG1334
224252	COG1333
224251	COG1332
224250	COG1331
225096	COG2185
225097	COG2186
225094	COG2183
225095	COG2184
225092	COG2181
225093	COG2182
224259	COG1340
224258	COG1339
224789	COG1877
224750	COG1837
225652	COG3110
225653	COG3111
225654	COG3112
225655	COG3113
225308	COG2510
225309	COG2511
224781	COG1868
224780	COG1867
224783	COG1871
224782	COG1869
224785	COG1873
224784	COG1872
224787	COG1875
224786	COG1874
223201	COG0123
223200	COG0122
223203	COG0125
223202	COG0124
223205	COG0127
223204	COG0126
223207	COG0129
223206	COG0128
223209	COG0131
223208	COG0130
227447	COG5117
227783	COG5496
224751	COG1838
225896	COG3360
225897	COG3361
225894	COG3358
225895	COG3359
225892	COG3356
225893	COG3357
225890	COG3354
225862	COG3325
227443	COG5112
227905	COG5618
225898	COG3363
225899	COG3364
224433	COG1516
224432	COG1515
224431	COG1514
224430	COG1513
224437	COG1520
224436	COG1519
224435	COG1518
224434	COG1517
224439	COG1522
224438	COG1521
227884	COG5597
224899	COG1988
227836	COG5549
225861	COG3324
227837	COG5550
227727	COG5440
227834	COG5547
226372	COG3854
224997	COG2086
227527	COG5200
225853	COG3316
225610	COG3068
226306	COG3783
227833	COG5546
225860	COG3323
223339	COG0261
223338	COG0260
223335	COG0257
223334	COG0256
223337	COG0259
223336	COG0258
223331	COG0253
223330	COG0252
223333	COG0255
223332	COG0254
227539	COG5214
227538	COG5213
227829	COG5542
227620	COG5304
227533	COG5208
227532	COG5207
227531	COG5206
227530	COG5204
227537	COG5212
227536	COG5211
227535	COG5210
227534	COG5209
225867	COG3330
226046	COG3515
224329	COG1411
224328	COG1410
224327	COG1409
224326	COG1408
224325	COG1407
224324	COG1406
224323	COG1405
224322	COG1404
224321	COG1403
224320	COG1402
226117	COG3589
225614	COG3072
227103	COG4762
227769	COG5482
225615	COG3073
225340	COG2719
225866	COG3329
224925	COG2014
224924	COG2013
224927	COG2016
224926	COG2015
224921	COG2010
224920	COG2009
224923	COG2012
224922	COG2011
225346	COG2732
224929	COG2018
224928	COG2017
227799	COG5512
225347	COG2733
227227	COG4890
226071	COG3541
227225	COG4888
227224	COG4887
227223	COG4886
225612	COG3070
227221	COG4884
226070	COG3540
225613	COG3071
225865	COG3328
227229	COG4892
227228	COG4891
224745	COG1832
226072	COG3542
224744	COG1831
225988	COG3457
226507	COG4020
224514	COG1598
226074	COG3544
226115	COG3587
224746	COG1833
226077	COG3547
227009	COG4663
227008	COG4662
227007	COG4660
224741	COG1828
227005	COG4658
225864	COG3327
227003	COG4656
227002	COG4655
227001	COG4654
224740	COG1827
226079	COG3549
227724	COG5437
224743	COG1830
225989	COG3458
224515	COG1599
227624	COG5308
223155	COG0077
223154	COG0076
223157	COG0079
223156	COG0078
223151	COG0073
223150	COG0072
223153	COG0075
223152	COG0074
223159	COG0081
223158	COG0080
227313	COG4980
227312	COG4978
227311	COG4977
226937	COG4571
227317	COG4984
227316	COG4983
227315	COG4982
227314	COG4981
226242	COG3719
227319	COG4986
227318	COG4985
227649	COG5345
227648	COG5343
226243	COG3720
223821	COG0750
226240	COG3717
226609	COG4124
223820	COG0749
226241	COG3718
223791	COG0719
225597	COG3055
227360	COG5027
223790	COG0718
225596	COG3054
223825	COG0754
227754	COG5467
225595	COG3053
223796	COG0724
225594	COG3052
223795	COG0723
225593	COG3051
223794	COG0722
227471	COG5142
225592	COG3050
225984	COG3453
225591	COG3049
227850	COG5563
226171	COG3645
225590	COG3048
226172	COG3646
227927	COG5640
223413	COG0336
224839	COG1928
226748	COG4298
226174	COG3648
224838	COG1927
225985	COG3454
223542	COG0466
223543	COG0467
223540	COG0464
223541	COG0465
223546	COG0470
223547	COG0471
223544	COG0468
223545	COG0469
223548	COG0472
223549	COG0473
224835	COG1924
227778	COG5491
223784	COG0712
223833	COG0762
223786	COG0714
223831	COG0760
223836	COG0765
223837	COG0766
223834	COG0763
223835	COG0764
227725	COG5438
223838	COG0767
223839	COG0768
223788	COG0716
223789	COG0717
224512	COG1596
226444	COG3934
223924	COG0855
225046	COG2135
227622	COG5306
226646	COG4178
224636	COG1722
227835	COG5548
225467	COG2915
225466	COG2914
225465	COG2913
225464	COG2912
225463	COG2911
225462	COG2910
225461	COG2909
225460	COG2908
227747	COG5460
225469	COG2917
225468	COG2916
226668	COG4213
226669	COG4214
226664	COG4206
226665	COG4208
226666	COG4209
226667	COG4211
226660	COG4197
226661	COG4198
226662	COG4199
226663	COG4200
223490	COG0413
223491	COG0414
223492	COG0415
223493	COG0416
223494	COG0417
223495	COG0418
223496	COG0419
223497	COG0420
223498	COG0421
223499	COG0422
223944	COG1012
223945	COG1013
223942	COG1010
223943	COG1011
223940	COG1008
223941	COG1009
226686	COG4233
226687	COG4235
226684	COG4231
226685	COG4232
226682	COG4229
226683	COG4230
226680	COG4227
226681	COG4228
227831	COG5544
226688	COG4237
226689	COG4238
225791	COG3252
225790	COG3251
225793	COG3254
225792	COG3253
225795	COG3256
225794	COG3255
225797	COG3258
225796	COG3257
225799	COG3260
225798	COG3259
226743	COG4293
225261	COG2388
225260	COG2386
225263	COG2390
225262	COG2389
225265	COG2401
225264	COG2391
225267	COG2403
225266	COG2402
225269	COG2405
225268	COG2404
227848	COG5561
226208	COG3683
226209	COG3684
226202	COG3677
226203	COG3678
226148	COG3621
226201	COG3676
226206	COG3681
226207	COG3682
226204	COG3679
226205	COG3680
225710	COG3169
225879	COG3342
226741	COG4291
224222	COG1303
224223	COG1304
224220	COG1301
224221	COG1302
224226	COG1307
224227	COG1308
224224	COG1305
224225	COG1306
225085	COG2174
225084	COG2173
224228	COG1309
224229	COG1310
225081	COG2170
225080	COG2169
225083	COG2172
225082	COG2171
226516	COG4029
226517	COG4030
225869	COG3332
225868	COG3331
225319	COG2521
225318	COG2520
225649	COG3107
225648	COG3106
225315	COG2517
225314	COG2516
225317	COG2519
225316	COG2518
225311	COG2513
225310	COG2512
225313	COG2515
225312	COG2514
223238	COG0160
223239	COG0161
223234	COG0156
223235	COG0157
223236	COG0158
223237	COG0159
223230	COG0152
223231	COG0153
223232	COG0154
223233	COG0155
225885	COG3349
225884	COG3347
225887	COG3351
225886	COG3350
225881	COG3344
225880	COG3343
225883	COG3346
225882	COG3345
227763	COG5476
225889	COG3353
225888	COG3352
226419	COG3904
226062	COG3531
225827	COG3290
227899	COG5612
225550	COG3005
227291	COG4955
225826	COG3288
226258	COG3735
224680	COG1766
224681	COG1767
224682	COG1768
224683	COG1769
224684	COG1770
224685	COG1771
224138	COG1217
224139	COG1218
224136	COG1215
224137	COG1216
224134	COG1213
224135	COG1214
224132	COG1211
224133	COG1212
224130	COG1209
224131	COG1210
227152	COG4815
226418	COG3903
225821	COG3283
226773	COG4323
225059	COG2148
225820	COG3281
223308	COG0230
223309	COG0231
227828	COG5541
225040	COG2129
223300	COG0222
223301	COG0223
223302	COG0224
223303	COG0225
223304	COG0226
223305	COG0227
223306	COG0228
223307	COG0229
227818	COG5531
227819	COG5532
225042	COG2131
225741	COG3200
227810	COG5523
225045	COG2134
226855	COG4447
227813	COG5526
227814	COG5527
227815	COG5528
227816	COG5529
225044	COG2133
224358	COG1441
224359	COG1442
226104	COG3575
225047	COG2136
224352	COG1435
224353	COG1436
224350	COG1433
224351	COG1434
224356	COG1439
224357	COG1440
224354	COG1437
224355	COG1438
225877	COG3340
226779	COG4329
226180	COG3654
227896	COG5609
224910	COG1999
224911	COG2000
224912	COG2001
224913	COG2002
224914	COG2003
224915	COG2004
224916	COG2005
224917	COG2006
224888	COG1977
224919	COG2008
225870	COG3333
227252	COG4915
227253	COG4916
227250	COG4913
227251	COG4914
227256	COG4919
227257	COG4920
227254	COG4917
227255	COG4918
227258	COG4921
227259	COG4922
227494	COG5165
227495	COG5166
227496	COG5167
227497	COG5169
227490	COG5161
227491	COG5162
227492	COG5163
227493	COG5164
226479	COG3970
227498	COG5170
225871	COG3334
226478	COG3969
227762	COG5475
227078	COG4735
227079	COG4736
226331	COG3809
227072	COG4728
227073	COG4729
227070	COG4726
227071	COG4727
227076	COG4733
227077	COG4734
227074	COG4731
227075	COG4732
223487	COG0410
226413	COG3897
223486	COG0409
225872	COG3335
223485	COG0408
223160	COG0082
223161	COG0083
223162	COG0084
223163	COG0085
223164	COG0086
223165	COG0087
223166	COG0088
223167	COG0089
223168	COG0090
223169	COG0091
226923	COG4550
227820	COG5533
223482	COG0405
227670	COG5379
226412	COG3896
227672	COG5381
227673	COG5383
227674	COG5384
223481	COG0404
227676	COG5386
227677	COG5387
227678	COG5388
225873	COG3336
223480	COG0403
227864	COG5577
227106	COG4765
227107	COG4766
227104	COG4763
227105	COG4764
227102	COG4760
226522	COG4035
227100	COG4758
227101	COG4759
227866	COG5579
227108	COG4767
226411	COG3895
226696	COG4245
226981	COG4634
227656	COG5353
227403	COG5071
227657	COG5354
223812	COG0741
226410	COG3894
224885	COG1974
227655	COG5352
226913	COG4538
227652	COG5349
226980	COG4633
227653	COG5350
226407	COG3890
227650	COG5346
226417	COG3901
223551	COG0475
223550	COG0474
223553	COG0477
223552	COG0476
223555	COG0479
223554	COG0478
223557	COG0481
223556	COG0480
223559	COG0483
223558	COG0482
226915	COG4540
223793	COG0721
223792	COG0720
223823	COG0752
223822	COG0751
223797	COG0725
223824	COG0753
223827	COG0756
223826	COG0755
223829	COG0758
223828	COG0757
223799	COG0727
223798	COG0726
227712	COG5425
226316	COG3793
226982	COG4635
227721	COG5434
226415	COG3899
226935	COG4569
226841	COG4412
225412	COG2856
225413	COG2857
225410	COG2854
225411	COG2855
225416	COG2861
225417	COG2862
225414	COG2859
225415	COG2860
225418	COG2863
225419	COG2864
223484	COG0407
226679	COG4226
226678	COG4225
225841	COG3304
226673	COG4220
226672	COG4219
226671	COG4218
226670	COG4215
226677	COG4224
226676	COG4223
226675	COG4222
226674	COG4221
226424	COG3909
226984	COG4637
223959	COG1028
223958	COG1027
223489	COG0412
223488	COG0411
223955	COG1024
223954	COG1023
223957	COG1026
223956	COG1025
223951	COG1020
223950	COG1019
223953	COG1022
223952	COG1021
226695	COG4244
226694	COG4243
226697	COG4246
225840	COG3303
226691	COG4240
226690	COG4239
226693	COG4242
226692	COG4241
226699	COG4248
226698	COG4247
226557	COG4071
227499	COG5171
225843	COG3306
225258	COG2384
225259	COG2385
225528	COG2981
225529	COG2982
225254	COG2379
225255	COG2380
225256	COG2382
225257	COG2383
225250	COG2375
225251	COG2376
225252	COG2377
225253	COG2378
226219	COG3695
225526	COG2979
226128	COG3600
225527	COG2980
226211	COG3686
226210	COG3685
226213	COG3688
226212	COG3687
226215	COG3691
225524	COG2977
226217	COG3693
225842	COG3305
225525	COG2978
227598	COG5273
225522	COG2975
226754	COG4304
225523	COG2976
226123	COG3595
225520	COG2973
226122	COG3594
226921	COG4548
225521	COG2974
226121	COG3593
224231	COG1312
224230	COG1311
224233	COG1314
223729	COG0656
224235	COG1316
224234	COG1315
224237	COG1318
224236	COG1317
224239	COG1320
224238	COG1319
224889	COG1978
226126	COG3598
225328	COG2608
225329	COG2609
225638	COG3096
225639	COG3097
226501	COG4014
226125	COG3597
226503	COG4016
226502	COG4015
225320	COG2522
225321	COG2524
225322	COG2602
225323	COG2603
225324	COG2604
224884	COG1973
225326	COG2606
225327	COG2607
223229	COG0151
223228	COG0150
226608	COG4123
226590	COG4105
223223	COG0145
223222	COG0144
223221	COG0143
223220	COG0142
223227	COG0149
223226	COG0148
223225	COG0147
223224	COG0146
226358	COG3838
226651	COG4188
226359	COG3839
226604	COG4119
226605	COG4120
226757	COG4307
225844	COG3307
226602	COG4117
226214	COG3689
225746	COG3205
225747	COG3206
225744	COG3203
225745	COG3204
224129	COG1208
224128	COG1207
224699	COG1785
224698	COG1784
224125	COG1204
224124	COG1203
224127	COG1206
224126	COG1205
224121	COG1200
224120	COG1199
224123	COG1202
224122	COG1201
223317	COG0239
223316	COG0238
223315	COG0237
223314	COG0236
223313	COG0235
223312	COG0234
223311	COG0233
223310	COG0232
223319	COG0241
223318	COG0240
227807	COG5520
226006	COG3475
227805	COG5518
226129	COG3601
227803	COG5516
225849	COG3312
227801	COG5514
227800	COG5513
226822	COG4387
227809	COG5522
226823	COG4388
226751	COG4301
226821	COG4386
226652	COG4189
226920	COG4547
224349	COG1432
224348	COG1431
225848	COG3311
224341	COG1423
224340	COG1422
224343	COG1426
224342	COG1424
224345	COG1428
224344	COG1427
224347	COG1430
224346	COG1429
227502	COG5175
226369	COG3851
226408	COG3892
226828	COG4393
224909	COG1998
224908	COG1997
224907	COG1996
224906	COG1995
224905	COG1994
224904	COG1993
224903	COG1992
224902	COG1991
224901	COG1990
224900	COG1989
227241	COG4904
227240	COG4903
225789	COG3250
227242	COG4905
227245	COG4908
227244	COG4907
227247	COG4910
227246	COG4909
227249	COG4912
226654	COG4191
227483	COG5154
227482	COG5153
227481	COG5152
227480	COG5151
227487	COG5158
227486	COG5157
227485	COG5156
227262	COG4925
227489	COG5160
226539	COG4053
227917	COG5630
227069	COG4725
227068	COG4724
227916	COG5629
227061	COG4717
227060	COG4716
227063	COG4719
227062	COG4718
227065	COG4721
227064	COG4720
227067	COG4723
227066	COG4722
226190	COG3664
227912	COG5625
227345	COG5012
226656	COG4193
223179	COG0101
223178	COG0100
223177	COG0099
223176	COG0098
223175	COG0097
223174	COG0096
223173	COG0095
223172	COG0094
223171	COG0093
223170	COG0092
226191	COG3665
227669	COG5378
227668	COG5377
227667	COG5375
227666	COG5374
227665	COG5373
227664	COG5371
227663	COG5369
227662	COG5368
227661	COG5366
227468	COG5139
227115	COG4774
225733	COG3192
227117	COG4776
227116	COG4775
227111	COG4770
227110	COG4769
227113	COG4772
225732	COG3191
225632	COG3090
227119	COG4779
227118	COG4778
226196	COG3670
224232	COG1313
227464	COG5135
226405	COG3888
226017	COG3486
227466	COG5137
226016	COG3485
225633	COG3091
226414	COG3898
226015	COG3484
226197	COG3671
226014	COG3483
226013	COG3482
225739	COG3198
226012	COG3481
227285	COG4949
225738	COG3197
226011	COG3480
226856	COG4448
226010	COG3479
223568	COG0494
223569	COG0495
223564	COG0490
223565	COG0491
223566	COG0492
223567	COG0493
223560	COG0484
223561	COG0486
223562	COG0488
223563	COG0489
226505	COG4018
223818	COG0747
223819	COG0748
223768	COG0696
223769	COG0697
223766	COG0694
223767	COG0695
223764	COG0692
223765	COG0693
223762	COG0690
223763	COG0691
223760	COG0688
223761	COG0689
226506	COG4019
226019	COG3488
226400	COG3883
226018	COG3487
226500	COG4013
225023	COG2112
226990	COG4643
227289	COG4953
226854	COG4446
225401	COG2845
225400	COG2844
225403	COG2847
225402	COG2846
225405	COG2849
225404	COG2848
225407	COG2851
225406	COG2850
225409	COG2853
225408	COG2852
226055	COG3524
225630	COG3088
226409	COG3893
225637	COG3095
226611	COG4126
225022	COG2111
226158	COG3631
225636	COG3094
226159	COG3633
225325	COG2605
223968	COG1038
223969	COG1039
226198	COG3672
226199	COG3673
225634	COG3092
223925	COG0856
223960	COG1029
223961	COG1030
223962	COG1031
223963	COG1032
223964	COG1033
223434	COG0357
223966	COG1035
223967	COG1036
223927	COG0858
223432	COG0355
223433	COG0356
226544	COG4058
226403	COG3886
223922	COG0853
227898	COG5611
223923	COG0854
225635	COG3093
226224	COG3701
226225	COG3702
225249	COG2374
225248	COG2373
225539	COG2992
225538	COG2991
226222	COG3698
226223	COG3700
225243	COG2368
225242	COG2367
225241	COG2366
225240	COG2365
225247	COG2372
225246	COG2371
225245	COG2370
225244	COG2369
223586	COG0512
223587	COG0513
223584	COG0510
223585	COG0511
223582	COG0508
223583	COG0509
223580	COG0506
223581	COG0507
225688	COG3146
223588	COG0514
223589	COG0515
227764	COG5477
225850	COG3313
224598	COG1684
224599	COG1685
227680	COG5391
224594	COG1680
224595	COG1681
224596	COG1682
224597	COG1683
224590	COG1676
224591	COG1677
224592	COG1678
224593	COG1679
225337	COG2716
225336	COG2715
225335	COG2710
225334	COG2707
224208	COG1289
224209	COG1290
224758	COG1845
224759	COG1846
224204	COG1285
224205	COG1286
224206	COG1287
224207	COG1288
224200	COG1281
224201	COG1282
224202	COG1283
224203	COG1284
225629	COG3087
225628	COG3086
226532	COG4046
226533	COG4047
226534	COG4048
226535	COG4049
226536	COG4050
226351	COG3830
225621	COG3079
225620	COG3078
225623	COG3081
225622	COG3080
225625	COG3083
225624	COG3082
225627	COG3085
225626	COG3084
225856	COG3319
225930	COG3395
226429	COG3915
225857	COG3320
226788	COG4338
224118	COG1197
224119	COG1198
225757	COG3216
225756	COG3215
225751	COG3210
225750	COG3209
225753	COG3212
225752	COG3211
224110	COG1189
224111	COG1190
224112	COG1191
224113	COG1192
224114	COG1193
224115	COG1194
224116	COG1195
224117	COG1196
223362	COG0285
223363	COG0286
223360	COG0283
223361	COG0284
223366	COG0289
223367	COG0290
223364	COG0287
223365	COG0288
223368	COG0291
223369	COG0292
224516	COG1600
227872	COG5585
226509	COG4022
227870	COG5583
224517	COG1601
227876	COG5589
226999	COG4652
226127	COG3599
227217	COG4880
224510	COG1594
227878	COG5591
227879	COG5592
226430	COG3916
224511	COG1595
224374	COG1457
224375	COG1458
224376	COG1459
224377	COG1460
224370	COG1453
224371	COG1454
224372	COG1455
224373	COG1456
224513	COG1597
224378	COG1461
224379	COG1462
227213	COG4876
224576	COG1662
224577	COG1663
224574	COG1660
224575	COG1661
224572	COG1658
224573	COG1659
224570	COG1656
224571	COG1657
226640	COG4171
224578	COG1664
224579	COG1665
226155	COG3628
227588	COG5263
227589	COG5264
227037	COG4693
227582	COG5257
227583	COG5258
227580	COG5255
227581	COG5256
227586	COG5261
227587	COG5262
227584	COG5259
227585	COG5260
224978	COG2067
224979	COG2068
224972	COG2061
224973	COG2062
224970	COG2059
224971	COG2060
224976	COG2065
224977	COG2066
224974	COG2063
224975	COG2064
227278	COG4942
227279	COG4943
227908	COG5621
227909	COG5622
227274	COG4938
227275	COG4939
227276	COG4940
227031	COG4687
227270	COG4934
227271	COG4935
227272	COG4936
227273	COG4937
226124	COG3596
225351	COG2746
227478	COG5149
227479	COG5150
227476	COG5147
225742	COG3201
227474	COG5145
227475	COG5146
227472	COG5143
226475	COG3966
227404	COG5072
225743	COG3202
227296	COG4961
226303	COG3780
227294	COG4959
227295	COG4960
227292	COG4956
225029	COG2118
227290	COG4954
226302	COG3779
225028	COG2117
226653	COG4190
227298	COG4963
225350	COG2740
224806	COG1894
224697	COG1783
224804	COG1892
224805	COG1893
224802	COG1890
224803	COG1891
224800	COG1888
224696	COG1782
226655	COG4192
225604	COG3062
224695	COG1781
224808	COG1896
224809	COG1897
223108	COG0029
223109	COG0030
226657	COG4194
223102	COG0023
223103	COG0024
223100	COG0021
223101	COG0022
223106	COG0027
223107	COG0028
223104	COG0025
223105	COG0026
226659	COG4196
227618	COG5301
226437	COG3924
224691	COG1777
226658	COG4195
227612	COG5293
227613	COG5294
227610	COG5290
224690	COG1776
227616	COG5297
226309	COG3786
227614	COG5295
227615	COG5296
227120	COG4781
227121	COG4782
227122	COG4783
226308	COG3785
227124	COG4785
227125	COG4786
227126	COG4787
227127	COG4789
227128	COG4790
227129	COG4791
226044	COG3513
227728	COG5441
223616	COG0542
223617	COG0543
223614	COG0540
223615	COG0541
223612	COG0538
223613	COG0539
223610	COG0536
223611	COG0537
226162	COG3636
223618	COG0544
223619	COG0545
226731	COG4281
224990	COG2079
227056	COG4712
227057	COG4713
226045	COG3514
227051	COG4707
227052	COG4708
224991	COG2080
225038	COG2127
227058	COG4714
224992	COG2081
226470	COG3961
227729	COG5442
227839	COG5552
224993	COG2082
227054	COG4710
224994	COG2083
226494	COG4006
226438	COG3925
224995	COG2084
223579	COG0505
223578	COG0504
224996	COG2085
223573	COG0499
223572	COG0498
223571	COG0497
223570	COG0496
223577	COG0503
223576	COG0502
223575	COG0501
223574	COG0500
226508	COG4021
223809	COG0738
223808	COG0737
223779	COG0707
223778	COG0706
227806	COG5519
223775	COG0703
223774	COG0702
223777	COG0705
223776	COG0704
223771	COG0699
223770	COG0698
223773	COG0701
223772	COG0700
225490	COG2939
227781	COG5494
226717	COG4267
227802	COG5515
226649	COG4186
225644	COG3102
225438	COG2884
225439	COG2885
225434	COG2879
225435	COG2880
225436	COG2881
225437	COG2882
225430	COG2875
225431	COG2876
225432	COG2877
225433	COG2878
223977	COG1048
223976	COG1047
223975	COG1045
223974	COG1044
223973	COG1043
223972	COG1042
223971	COG1041
223970	COG1040
224532	COG1617
227737	COG5450
223979	COG1051
223978	COG1049
226189	COG3663
225643	COG3101
227736	COG5449
226181	COG3655
225019	COG2108
226183	COG3657
226182	COG3656
226185	COG3659
226184	COG3658
226187	COG3661
226186	COG3660
227733	COG5446
224533	COG1618
227732	COG5445
226138	COG3611
227811	COG5524
227418	COG5086
227055	COG4711
227419	COG5087
225508	COG2960
225509	COG2961
226231	COG3708
226230	COG3707
225650	COG3108
226236	COG3713
226235	COG3712
226234	COG3711
225500	COG2949
225501	COG2951
225502	COG2952
225503	COG2954
225504	COG2956
225505	COG2957
225506	COG2958
225507	COG2959
223595	COG0521
223594	COG0520
223597	COG0523
223596	COG0522
223591	COG0517
223590	COG0516
223593	COG0519
223592	COG0518
223599	COG0525
223598	COG0524
225290	COG2441
225291	COG2442
225292	COG2443
225293	COG2445
225294	COG2450
225295	COG2451
225296	COG2452
225297	COG2453
225298	COG2454
225299	COG2456
226559	COG4073
226777	COG4327
227411	COG5079
224589	COG1675
224588	COG1674
227448	COG5118
224583	COG1669
224582	COG1668
224581	COG1667
224580	COG1666
224587	COG1673
224586	COG1672
224585	COG1671
224584	COG1670
225342	COG2721
225343	COG2723
224219	COG1300
224218	COG1299
224749	COG1836
224748	COG1835
225344	COG2730
225345	COG2731
224213	COG1294
224212	COG1293
224211	COG1292
224210	COG1291
224217	COG1298
224216	COG1297
224215	COG1296
224214	COG1295
225184	COG2301
225185	COG2302
225186	COG2303
225187	COG2304
225180	COG2271
225181	COG2272
225182	COG2273
225183	COG2274
226527	COG4040
226526	COG4039
226525	COG4038
226524	COG4037
225188	COG2306
225189	COG2307
226521	COG4034
226520	COG4033
226365	COG3846
226576	COG4091
226577	COG4092
224107	COG1186
224106	COG1185
224105	COG1184
224104	COG1183
224103	COG1182
224102	COG1181
224101	COG1180
224100	COG1179
226103	COG3573
224109	COG1188
224108	COG1187
225760	COG3219
225761	COG3220
225762	COG3221
225763	COG3222
225764	COG3223
225765	COG3224
225766	COG3225
225767	COG3226
225768	COG3227
225769	COG3228
225986	COG3455
225987	COG3456
225980	COG3449
225981	COG3450
225982	COG3451
225983	COG3452
223371	COG0294
223370	COG0293
223373	COG0296
223372	COG0295
223375	COG0298
223374	COG0297
223377	COG0300
223376	COG0299
223379	COG0302
223378	COG0301
226106	COG3577
226579	COG4094
225966	COG3432
225967	COG3433
225964	COG3430
225965	COG3431
225962	COG3428
225963	COG3429
225960	COG3426
225961	COG3427
227869	COG5582
227868	COG5581
225968	COG3434
225969	COG3435
224363	COG1446
224362	COG1445
224361	COG1444
224360	COG1443
224367	COG1450
224366	COG1449
224365	COG1448
224364	COG1447
224369	COG1452
224368	COG1451
224565	COG1651
224564	COG1650
224567	COG1653
224566	COG1652
224561	COG1647
224560	COG1646
224563	COG1649
224562	COG1648
225005	COG2094
224569	COG1655
224568	COG1654
226373	COG3855
227599	COG5274
226512	COG4025
226130	COG3602
227591	COG5266
227590	COG5265
227593	COG5268
226423	COG3908
227595	COG5270
227594	COG5269
227596	COG5271
224969	COG2058
224968	COG2057
226263	COG3740
227914	COG5627
225651	COG3109
225004	COG2093
224961	COG2050
224960	COG2049
224963	COG2052
224962	COG2051
224965	COG2054
224964	COG2053
224967	COG2056
224966	COG2055
226620	COG4136
227269	COG4933
227268	COG4932
227919	COG5632
227918	COG5631
227263	COG4926
226420	COG3905
227261	COG4924
227260	COG4923
227267	COG4930
227266	COG4929
227265	COG4928
227264	COG4927
226281	COG3758
227469	COG5140
226378	COG3860
227465	COG5136
226024	COG3493
227467	COG5138
226270	COG3747
227461	COG5132
227460	COG5131
227463	COG5134
227462	COG5133
226132	COG3604
227284	COG4948
227287	COG4951
227286	COG4950
227281	COG4945
227280	COG4944
227283	COG4947
227282	COG4946
226075	COG3545
227288	COG4952
224815	COG1903
224814	COG1902
224817	COG1905
224816	COG1904
224811	COG1899
224810	COG1898
224813	COG1901
224812	COG1900
226362	COG3843
224819	COG1907
224818	COG1906
226133	COG3605
223119	COG0041
223118	COG0040
226426	COG3911
223111	COG0033
223110	COG0031
223113	COG0035
223112	COG0034
223115	COG0037
223114	COG0036
223117	COG0039
223116	COG0038
227609	COG5285
227608	COG5283
227601	COG5276
227600	COG5275
227603	COG5278
227602	COG5277
227605	COG5280
227604	COG5279
227607	COG5282
227606	COG5281
226427	COG3913
226639	COG4170
226632	COG4154
227139	COG4802
227138	COG4801
227137	COG4800
227136	COG4799
227135	COG4798
227134	COG4797
227133	COG4796
227132	COG4795
227131	COG4794
227130	COG4792
227388	COG5055
226120	COG3592
226220	COG3696
226537	COG4051
223605	COG0531
223604	COG0530
223607	COG0533
223606	COG0532
223601	COG0527
223600	COG0526
223603	COG0529
223602	COG0528
225077	COG2166
223609	COG0535
223608	COG0534
227043	COG4699
227042	COG4698
227041	COG4697
227040	COG4696
227047	COG4703
227046	COG4702
227045	COG4701
227044	COG4700
227796	COG5509
225341	COG2720
227049	COG4705
227048	COG4704
227739	COG5452
227738	COG5451
226425	COG3910
225657	COG3115
227808	COG5521
227675	COG5385
226259	COG3736
226188	COG3662
227050	COG4706
223748	COG0676
223749	COG0677
226078	COG3548
225829	COG3292
225658	COG3116
223740	COG0668
223741	COG0669
223742	COG0670
223743	COG0671
223744	COG0672
223745	COG0673
223746	COG0674
223747	COG0675
227611	COG5291
226288	COG3765
225828	COG3291
225659	COG3117
226101	COG3571
227484	COG5155
226368	COG3850
225429	COG2874
225428	COG2873
225423	COG2868
225422	COG2867
225421	COG2866
225420	COG2865
225427	COG2872
225426	COG2871
225425	COG2870
225424	COG2869
223902	COG0832
223903	COG0833
223900	COG0830
223901	COG0831
223906	COG0836
223907	COG0837
223904	COG0834
223905	COG0835
226100	COG3570
223908	COG0838
223909	COG0839
226518	COG4031
224626	COG1712
224627	COG1713
224624	COG1710
227718	COG5431
224625	COG1711
224622	COG1708
226519	COG4032
224623	COG1709
225517	COG2969
225516	COG2968
225515	COG2967
225514	COG2966
225513	COG2965
224620	COG1706
225511	COG2963
224547	COG1632
224621	COG1707
227558	COG5233
225519	COG2972
225518	COG2971
225009	COG2098
226102	COG3572
224788	COG1876
226473	COG3964
227832	COG5545
226080	COG3550
226081	COG3551
226082	COG3552
226083	COG3553
226084	COG3554
224546	COG1631
226086	COG3556
226087	COG3557
226088	COG3558
225878	COG3341
226734	COG4284
226735	COG4285
226732	COG4282
226733	COG4283
226730	COG4280
225008	COG2097
226956	COG4590
226422	COG3907
226105	COG3576
226955	COG4589
226952	COG4586
225656	COG3114
225289	COG2440
225288	COG2433
225287	COG2431
225286	COG2430
225285	COG2429
225284	COG2428
225283	COG2427
225282	COG2426
225281	COG2425
225280	COG2423
225306	COG2508
226421	COG3906
225307	COG2509
227226	COG4889
226039	COG3508
226568	COG4083
225304	COG2502
226038	COG3507
224778	COG1865
224779	COG1866
225353	COG2755
225305	COG2503
225355	COG2761
225354	COG2759
225357	COG2766
225356	COG2764
224770	COG1857
224771	COG1858
224772	COG1859
224773	COG1860
224774	COG1861
224775	COG1862
224776	COG1863
224777	COG1864
225193	COG2311
224544	COG1629
225191	COG2309
225190	COG2308
225197	COG2315
225196	COG2314
225195	COG2313
225194	COG2312
226552	COG4066
226553	COG4067
225199	COG2317
225198	COG2316
226556	COG4070
226037	COG3506
226107	COG3579
226555	COG4069
226036	COG3505
226031	COG3500
226513	COG4026
226030	COG3499
224482	COG1566
224483	COG1567
224480	COG1564
224481	COG1565
224486	COG1570
224487	COG1571
224484	COG1568
224485	COG1569
224488	COG1572
224489	COG1573
226170	COG3644
224172	COG1252
224173	COG1253
224170	COG1250
224171	COG1251
224176	COG1256
224177	COG1257
224174	COG1254
224175	COG1255
224178	COG1258
224179	COG1259
224542	COG1627
226889	COG4487
225999	COG3468
225998	COG3467
225779	COG3239
225778	COG3238
225777	COG3237
225776	COG3236
225775	COG3235
225774	COG3234
225773	COG3233
225772	COG3232
225771	COG3231
225770	COG3230
223348	COG0270
223349	COG0271
223344	COG0266
223345	COG0267
223346	COG0268
223347	COG0269
223340	COG0262
223341	COG0263
223342	COG0264
223343	COG0265
225975	COG3443
225974	COG3442
225977	COG3445
224694	COG1780
225971	COG3437
225970	COG3436
225973	COG3440
225972	COG3439
226108	COG3580
227855	COG5568
227856	COG5569
227857	COG5570
225979	COG3448
225978	COG3447
227852	COG5565
227853	COG5566
224398	COG1481
224399	COG1482
224396	COG1479
224397	COG1480
224394	COG1477
224395	COG1478
224392	COG1475
224393	COG1476
224390	COG1473
224391	COG1474
224550	COG1635
224551	COG1636
224552	COG1637
224553	COG1638
224554	COG1639
224555	COG1640
224008	COG1083
224009	COG1084
224006	COG1080
224007	COG1082
224004	COG1078
224005	COG1079
224002	COG1076
224003	COG1077
224000	COG1074
224001	COG1075
224954	COG2043
224955	COG2044
224956	COG2045
224957	COG2046
224950	COG2039
224951	COG2040
224952	COG2041
224953	COG2042
225891	COG3355
224958	COG2047
224959	COG2048
227402	COG5070
227928	COG5641
227929	COG5642
223298	COG0220
223299	COG0221
225665	COG3123
226986	COG4639
223292	COG0214
223293	COG0215
223290	COG0212
223291	COG0213
223296	COG0218
223297	COG0219
223294	COG0216
223295	COG0217
227458	COG5129
227459	COG5130
227187	COG4850
227451	COG5122
227452	COG5123
227453	COG5124
227454	COG5125
227455	COG5126
226060	COG3529
227457	COG5128
226249	COG3726
225664	COG3122
223124	COG0046
223125	COG0047
223126	COG0048
223127	COG0049
223120	COG0042
223121	COG0043
223122	COG0044
223123	COG0045
224828	COG1916
224829	COG1917
227830	COG5543
223128	COG0050
223129	COG0051
227053	COG4709
227635	COG5325
227636	COG5328
227637	COG5329
227630	COG5319
227631	COG5321
227632	COG5322
227633	COG5323
225348	COG2738
227638	COG5330
227639	COG5331
227660	COG5362
225512	COG2964
227148	COG4811
225443	COG2890
227114	COG4773
227142	COG4805
227143	COG4806
227140	COG4803
225510	COG2962
227146	COG4809
227147	COG4810
227144	COG4807
227145	COG4808
227089	COG4746
223630	COG0556
223631	COG0557
223632	COG0558
223633	COG0559
223634	COG0560
223635	COG0561
223636	COG0562
223637	COG0563
223638	COG0564
223639	COG0565
227112	COG4771
225007	COG2096
225780	COG3240
227701	COG5414
227702	COG5415
225006	COG2095
227704	COG5417
227705	COG5418
227706	COG5419
227707	COG5420
227708	COG5421
227709	COG5422
226033	COG3502
224693	COG1779
226636	COG4166
225781	COG3241
226451	COG3942
223757	COG0685
223756	COG0684
223755	COG0683
223754	COG0682
223753	COG0681
223752	COG0680
223751	COG0679
223750	COG0678
226633	COG4158
226883	COG4477
224530	COG1614
223759	COG0687
223758	COG0686
224531	COG1615
226631	COG4152
226641	COG4172
224536	COG1621
226630	COG4150
226450	COG3941
226936	COG4570
224537	COG1622
225456	COG2904
224534	COG1619
225457	COG2905
226884	COG4478
224535	COG1620
225454	COG2901
225349	COG2739
225455	COG2902
225452	COG2899
225453	COG2900
226431	COG3917
225450	COG2897
226885	COG4479
225451	COG2898
223911	COG0841
223910	COG0840
223913	COG0843
223912	COG0842
223915	COG0846
223914	COG0845
223917	COG0848
223916	COG0847
223919	COG0850
223918	COG0849
226068	COG3538
226886	COG4481
226514	COG4027
226085	COG3555
225331	COG2703
226738	COG4288
226739	COG4289
225562	COG3017
225563	COG3018
225560	COG3015
225561	COG3016
225566	COG3022
225567	COG3023
225564	COG3019
225565	COG3021
227714	COG5427
225568	COG3024
225569	COG3025
225330	COG2610
227795	COG5508
226858	COG4451
227941	COG5654
226110	COG3582
226728	COG4278
226099	COG3569
226098	COG3568
226097	COG3567
226096	COG3566
226095	COG3565
226094	COG3564
226093	COG3563
226092	COG3562
226091	COG3561
226090	COG3560
226945	COG4579
226944	COG4578
226947	COG4581
226946	COG4580
226941	COG4575
226089	COG3559
226943	COG4577
226942	COG4576
226949	COG4583
225669	COG3127
224767	COG1854
224766	COG1853
224765	COG1852
224764	COG1851
224763	COG1850
224762	COG1849
224761	COG1848
224760	COG1847
224769	COG1856
224768	COG1855
225788	COG3249
226896	COG4506
226895	COG4502
226894	COG4499
225368	COG2811
225369	COG2812
226891	COG4493
226890	COG4492
225364	COG2805
225365	COG2807
225366	COG2808
225367	COG2810
225360	COG2771
225361	COG2801
225362	COG2802
225363	COG2804
226116	COG3588
226548	COG4062
225168	COG2259
225169	COG2260
225166	COG2257
225167	COG2258
225164	COG2255
225165	COG2256
225162	COG2253
225163	COG2254
225160	COG2251
225161	COG2252
225386	COG2830
225387	COG2831
225384	COG2828
225385	COG2829
225382	COG2826
225383	COG2827
225380	COG2824
225381	COG2825
226280	COG3757
225018	COG2107
225388	COG2832
225389	COG2833
224491	COG1575
224490	COG1574
224493	COG1577
224492	COG1576
224495	COG1579
224494	COG1578
224497	COG1581
224496	COG1580
224499	COG1583
224498	COG1582
226959	COG4594
226458	COG3949
227324	COG4991
224161	COG1240
224160	COG1239
224163	COG1242
224162	COG1241
224165	COG1244
224164	COG1243
224167	COG1246
224166	COG1245
224169	COG1249
224168	COG1247
227435	COG5104
226114	COG3586
227183	COG4846
227825	COG5538
225708	COG3167
225709	COG3168
227370	COG5037
227824	COG5537
225702	COG3160
225703	COG3161
225700	COG3158
225701	COG3159
225706	COG3165
225707	COG3166
225704	COG3162
225705	COG3164
223359	COG0282
223358	COG0281
223353	COG0276
223352	COG0275
223351	COG0274
223350	COG0272
223357	COG0280
223356	COG0279
223355	COG0278
223354	COG0277
225940	COG3405
225740	COG3199
225942	COG3408
225943	COG3409
225944	COG3410
225945	COG3411
225946	COG3412
225947	COG3413
225948	COG3414
225949	COG3415
226472	COG3963
226629	COG4149
227847	COG5560
227846	COG5559
227845	COG5558
227844	COG5557
224389	COG1472
224388	COG1471
224385	COG1468
224384	COG1467
224387	COG1470
224386	COG1469
224381	COG1464
224380	COG1463
224383	COG1466
224382	COG1465
225016	COG2105
225017	COG2106
225014	COG2103
225015	COG2104
224019	COG1094
224018	COG1093
224549	COG1634
224548	COG1633
224015	COG1090
224014	COG1089
224017	COG1092
224016	COG1091
224011	COG1086
224010	COG1085
224013	COG1088
224012	COG1087
224943	COG2032
224942	COG2031
224941	COG2030
224940	COG2029
224947	COG2036
224946	COG2035
224945	COG2034
224944	COG2033
224949	COG2038
224948	COG2037
225601	COG3059
225338	COG2717
227937	COG5650
227936	COG5649
227935	COG5648
225352	COG2747
227933	COG5646
227932	COG5645
227843	COG5556
227930	COG5643
227545	COG5220
225607	COG3065
227939	COG5652
225606	COG3064
223289	COG0211
223288	COG0210
227445	COG5114
227444	COG5113
226118	COG3590
225605	COG3063
227441	COG5110
226166	COG3640
223281	COG0203
223280	COG0202
223283	COG0205
223282	COG0204
223285	COG0207
223284	COG0206
223287	COG0209
223286	COG0208
225359	COG2770
226164	COG3638
227842	COG5555
225358	COG2768
226048	COG3517
225609	COG3067
226049	COG3518
226119	COG3591
225608	COG3066
226161	COG3635
226160	COG3634
227248	COG4911
223133	COG0055
223132	COG0054
223131	COG0053
223130	COG0052
223137	COG0059
223136	COG0058
223135	COG0057
223134	COG0056
224837	COG1926
224836	COG1925
223139	COG0061
223138	COG0060
224833	COG1922
224832	COG1921
224831	COG1920
224830	COG1918
227623	COG5307
226255	COG3732
227621	COG5305
226047	COG3516
227627	COG5314
227626	COG5310
227625	COG5309
225192	COG2310
227907	COG5620
226040	COG3509
227629	COG5317
227628	COG5316
226558	COG4072
226041	COG3510
225677	COG3135
226256	COG3733
226042	COG3511
226927	COG4555
227774	COG5487
226043	COG3512
226926	COG4553
227159	COG4822
227158	COG4821
226925	COG4552
227151	COG4814
227150	COG4813
227153	COG4816
226924	COG4551
227155	COG4818
227154	COG4817
227157	COG4820
227156	COG4819
226880	COG4474
226881	COG4475
227220	COG4883
226550	COG4064
227797	COG5510
226551	COG4065
223629	COG0555
223628	COG0554
223627	COG0553
223626	COG0552
223625	COG0551
223624	COG0550
223623	COG0549
223622	COG0548
223621	COG0547
223620	COG0546
223814	COG0743
227794	COG5507
226554	COG4068
227719	COG5432
223815	COG0744
227717	COG5430
227716	COG5429
227715	COG5428
226887	COG4483
227713	COG5426
223816	COG0745
227711	COG5424
227710	COG5423
225748	COG3207
223817	COG0746
227791	COG5504
223810	COG0739
226621	COG4137
227437	COG5106
223811	COG0740
223722	COG0649
223723	COG0650
223720	COG0647
223721	COG0648
223726	COG0653
223727	COG0654
223724	COG0651
223725	COG0652
223728	COG0655
223813	COG0742
225749	COG3208
226622	COG4138
226139	COG3612
227798	COG5511
226153	COG3626
226932	COG4566
226623	COG4139
226416	COG3900
226398	COG3881
226399	COG3882
226394	COG3877
226395	COG3878
226396	COG3879
226397	COG3880
226390	COG3872
226391	COG3874
226392	COG3875
226393	COG3876
223928	COG0859
223929	COG0860
223438	COG0361
223439	COG0362
223436	COG0359
223437	COG0360
223926	COG0857
223435	COG0358
223920	COG0851
223921	COG0852
223430	COG0353
223431	COG0354
227384	COG5051
227385	COG5052
227885	COG5598
226469	COG3960
226625	COG4145
227735	COG5448
226287	COG3764
226379	COG3861
225571	COG3027
225570	COG3026
225573	COG3029
225572	COG3028
225575	COG3031
225574	COG3030
225577	COG3034
225576	COG3033
225579	COG3037
225578	COG3036
227383	COG5050
226167	COG3641
227734	COG5447
226888	COG4485
226523	COG4036
226718	COG4268
226719	COG4269
227893	COG5606
227883	COG5596
226710	COG4259
226711	COG4260
226712	COG4261
226713	COG4262
226714	COG4263
226715	COG4264
226716	COG4266
226627	COG4147
226970	COG4619
226971	COG4623
226972	COG4624
226973	COG4625
226974	COG4626
226975	COG4627
226976	COG4628
226977	COG4630
226978	COG4631
226979	COG4632
227897	COG5610
225076	COG2165
224712	COG1799
224713	COG1800
224710	COG1797
224711	COG1798
224716	COG1803
224717	COG1804
224714	COG1801
224715	COG1802
224718	COG1805
224719	COG1806
226933	COG4567
226574	COG4089
226575	COG4090
225379	COG2823
225378	COG2822
226570	COG4085
226571	COG4086
226572	COG4087
226573	COG4088
225373	COG2816
225372	COG2815
225371	COG2814
225370	COG2813
225377	COG2821
225376	COG2820
225375	COG2819
225374	COG2818
226376	COG3858
226377	COG3859
226374	COG3856
226375	COG3857
225179	COG2270
225178	COG2269
226370	COG3852
226371	COG3853
225175	COG2266
225174	COG2265
225177	COG2268
225176	COG2267
225171	COG2262
225170	COG2261
225173	COG2264
225172	COG2263
225395	COG2839
225394	COG2838
225397	COG2841
225396	COG2840
225391	COG2835
225390	COG2834
225393	COG2837
225392	COG2836
225078	COG2167
227860	COG5573
225399	COG2843
225398	COG2842
225079	COG2168
226163	COG3637
227730	COG5443
225852	COG3315
224158	COG1237
224159	COG1238
224628	COG1714
224629	COG1715
224154	COG1233
224155	COG1234
224156	COG1235
224157	COG1236
224150	COG1229
224151	COG1230
224152	COG1231
224153	COG1232
225719	COG3178
225718	COG3177
225851	COG3314
225678	COG3136
225711	COG3170
225672	COG3130
225713	COG3172
225712	COG3171
225715	COG3174
225714	COG3173
225717	COG3176
225673	COG3131
226987	COG4640
227004	COG4657
225854	COG3317
225855	COG3318
227858	COG5571
225993	COG3462
225679	COG3137
225959	COG3425
225958	COG3424
225957	COG3423
225956	COG3422
225955	COG3421
225954	COG3420
225953	COG3419
225858	COG3321
225951	COG3417
225950	COG3416
225859	COG3322
225997	COG3466
227859	COG5572
226766	COG4316
226151	COG3624
226647	COG4181
225996	COG3465
224028	COG1103
224029	COG1104
224538	COG1623
224539	COG1624
225001	COG2090
225000	COG2089
225003	COG2092
225002	COG2091
224020	COG1095
224021	COG1096
224022	COG1097
224023	COG1098
224024	COG1099
224025	COG1100
224026	COG1101
224027	COG1102
223267	COG0189
223266	COG0188
224097	COG1176
227942	COG5655
227943	COG5656
227940	COG5653
223264	COG0186
227946	COG5659
223483	COG0406
227944	COG5657
227945	COG5658
224091	COG1169
227948	COG5661
227949	COG5662
223262	COG0184
227432	COG5101
226448	COG3938
227430	COG5099
227431	COG5100
227436	COG5105
223261	COG0183
227434	COG5103
226449	COG3940
226467	COG3958
227438	COG5107
224092	COG1171
224446	COG1529
224447	COG1530
224444	COG1527
224445	COG1528
224442	COG1525
224443	COG1526
224440	COG1523
224441	COG1524
224448	COG1531
224449	COG1532
226406	COG3889
226192	COG3666
224848	COG1937
224849	COG1938
226193	COG3667
224842	COG1931
224843	COG1932
224840	COG1929
224841	COG1930
224846	COG1935
224847	COG1936
224844	COG1933
224845	COG1934
223380	COG0303
223381	COG0304
223382	COG0305
223383	COG0306
223384	COG0307
223385	COG0308
223386	COG0309
223387	COG0310
223388	COG0311
223389	COG0312
227386	COG5053
227387	COG5054
227380	COG5047
227381	COG5048
227382	COG5049
223965	COG1034
227890	COG5603
227891	COG5604
227892	COG5605
225976	COG3444
227894	COG5607
226194	COG3668
227548	COG5223
227549	COG5224
227546	COG5221
227547	COG5222
227544	COG5219
226195	COG3669
227542	COG5217
227543	COG5218
227540	COG5215
227541	COG5216
227366	COG5033
226648	COG4185
227364	COG5031
227365	COG5032
227362	COG5029
227363	COG5030
226991	COG4644
227361	COG5028
227368	COG5035
227369	COG5036
225668	COG3126
227854	COG5567
226650	COG4187
227646	COG5341
227645	COG5340
223658	COG0585
223659	COG0586
227644	COG5339
223652	COG0579
223653	COG0580
223650	COG0577
223651	COG0578
223656	COG0583
223657	COG0584
223654	COG0581
223655	COG0582
227098	COG4756
227099	COG4757
227768	COG5481
227310	COG4976
226459	COG3950
227641	COG5336
227090	COG4747
227091	COG4748
227092	COG4749
227093	COG4750
227094	COG4752
227095	COG4753
226464	COG3955
227097	COG4755
226902	COG4519
227643	COG5338
226169	COG3643
227642	COG5337
223731	COG0658
223730	COG0657
223733	COG0661
223732	COG0659
223735	COG0663
223734	COG0662
223737	COG0665
223736	COG0664
223739	COG0667
223738	COG0666
227851	COG5564
226756	COG4306
227760	COG5473
227761	COG5474
226168	COG3642
227766	COG5479
227767	COG5480
227164	COG4827
227165	COG4828
227166	COG4829
227167	COG4830
227160	COG4823
227096	COG4754
227162	COG4825
226441	COG3931
227765	COG5478
227168	COG4831
227169	COG4832
225952	COG3418
226026	COG3495
226389	COG3871
226388	COG3870
226442	COG3932
226383	COG3865
226382	COG3864
226381	COG3863
226380	COG3862
226387	COG3869
226386	COG3868
226385	COG3867
226384	COG3866
223939	COG1007
223938	COG1006
223429	COG0352
223428	COG0351
223425	COG0348
223424	COG0347
223931	COG0863
223930	COG0861
223937	COG1005
223420	COG0343
223423	COG0346
223422	COG0345
226443	COG3933
224834	COG1923
226616	COG4132
226992	COG4645
224556	COG1641
226993	COG4646
226930	COG4564
224557	COG1643
226226	COG3703
224558	COG1644
226227	COG3704
225548	COG3002
225549	COG3004
224559	COG1645
225544	COG2998
225545	COG2999
225546	COG3000
225547	COG3001
225540	COG2993
225541	COG2994
225542	COG2995
225543	COG2996
226707	COG4256
226706	COG4255
226705	COG4254
226704	COG4253
226703	COG4252
226702	COG4251
226701	COG4250
226700	COG4249
226995	COG4648
226709	COG4258
226445	COG3935
225535	COG2988
224795	COG1883
225534	COG2987
225537	COG2990
225536	COG2989
226969	COG4618
226968	COG4615
226967	COG4608
225531	COG2984
226965	COG4606
226964	COG4605
226963	COG4604
226446	COG3936
226961	COG4598
225530	COG2983
224701	COG1787
224700	COG1786
224703	COG1790
224702	COG1788
224705	COG1792
224704	COG1791
224707	COG1794
224706	COG1793
224709	COG1796
224708	COG1795
225532	COG2985
224898	COG1987
226563	COG4077
226562	COG4076
226561	COG4075
226560	COG4074
226027	COG3496
226566	COG4080
226565	COG4079
226564	COG4078
226569	COG4084
226447	COG3937
226742	COG4292
225148	COG2239
224895	COG1984
225498	COG2947
225499	COG2948
226361	COG3842
226360	COG3840
226363	COG3844
224894	COG1983
225140	COG2231
225141	COG2232
225142	COG2233
225143	COG2234
225144	COG2235
225145	COG2236
225146	COG2237
225147	COG2238
227861	COG5574
225818	COG3279
225819	COG3280
225816	COG3277
225817	COG3278
225814	COG3275
225815	COG3276
225812	COG3273
225813	COG3274
225810	COG3271
225811	COG3272
226615	COG4130
226614	COG4129
226617	COG4133
225724	COG3183
225725	COG3184
224149	COG1228
224148	COG1227
224639	COG1725
224638	COG1724
225722	COG3181
225723	COG3182
224143	COG1222
224142	COG1221
224141	COG1220
224140	COG1219
224147	COG1226
224146	COG1225
224145	COG1224
224144	COG1223
226613	COG4128
227433	COG5102
226612	COG4127
227863	COG5576
227684	COG5397
226835	COG4401
226834	COG4399
227686	COG5399
227723	COG5436
225928	COG3393
225929	COG3394
225922	COG3387
225923	COG3388
225920	COG3385
225921	COG3386
225926	COG3391
225927	COG3392
225924	COG3389
225925	COG3390
224037	COG1112
224036	COG1111
224035	COG1110
224034	COG1109
224033	COG1108
224032	COG1107
224031	COG1106
224030	COG1105
224039	COG1114
224038	COG1113
224529	COG1613
224528	COG1612
225032	COG2121
225033	COG2122
225034	COG2123
225035	COG2124
225036	COG2125
225037	COG2126
224521	COG1605
224520	COG1604
224523	COG1607
224522	COG1606
224525	COG1609
224524	COG1608
224527	COG1611
224526	COG1610
227510	COG5183
226839	COG4408
227163	COG4826
226838	COG4405
227951	COG5664
227950	COG5663
227512	COG5185
226586	COG4101
227862	COG5575
224820	COG1908
226853	COG4445
227421	COG5090
227420	COG5088
227423	COG5092
227422	COG5091
227425	COG5094
227424	COG5093
227427	COG5096
227426	COG5095
227429	COG5098
227428	COG5097
226809	COG4372
224455	COG1538
224454	COG1537
224457	COG1540
224456	COG1539
224451	COG1534
224450	COG1533
224453	COG1536
224452	COG1535
226852	COG4443
224459	COG1542
224458	COG1541
227923	COG5636
226721	COG4271
226289	COG3766
227925	COG5638
224859	COG1948
224858	COG1947
224822	COG1910
227926	COG5639
226851	COG4430
224851	COG1940
224850	COG1939
224853	COG1942
224852	COG1941
224855	COG1944
224854	COG1943
224857	COG1946
224856	COG1945
226529	COG4042
227398	COG5066
223399	COG0322
223398	COG0321
223397	COG0320
223396	COG0319
223395	COG0318
223394	COG0317
223393	COG0316
223392	COG0315
223391	COG0314
223390	COG0313
227559	COG5234
226850	COG4427
227889	COG5602
227888	COG5601
227555	COG5230
227554	COG5229
227557	COG5232
227556	COG5231
227551	COG5226
227550	COG5225
227553	COG5228
227552	COG5227
227375	COG5042
227374	COG5041
227377	COG5044
227376	COG5043
227371	COG5038
226723	COG4273
227373	COG5040
227372	COG5039
227379	COG5046
227378	COG5045
226025	COG3494
227450	COG5120
226857	COG4449
225333	COG2706
227391	COG5058
226740	COG4290
225332	COG2704
223649	COG0576
223648	COG0575
227085	COG4742
226722	COG4272
227083	COG4740
225149	COG2240
227081	COG4738
226063	COG3533
223641	COG0567
223640	COG0566
223643	COG0569
223642	COG0568
223645	COG0572
223644	COG0571
223647	COG0574
223646	COG0573
227779	COG5492
224756	COG1843
226061	COG3530
227456	COG5127
224757	COG1844
227771	COG5484
226066	COG3536
227773	COG5486
227772	COG5485
227775	COG5488
224754	COG1841
227777	COG5490
226067	COG3537
227647	COG5342
224755	COG1842
226064	COG3534
224752	COG1839
226745	COG4295
226065	COG3535
224753	COG1840
227881	COG5594
223708	COG0635
223709	COG0636
223704	COG0631
223705	COG0632
223706	COG0633
223707	COG0634
223700	COG0627
223701	COG0628
223702	COG0629
223703	COG0630
226530	COG4043
226069	COG3539
227439	COG5108
226531	COG4044
225043	COG2132
227173	COG4836
227172	COG4835
227171	COG4834
227170	COG4833
227177	COG4840
227176	COG4839
227175	COG4838
227174	COG4837
226528	COG4041
227179	COG4842
227178	COG4841
223832	COG0761
225586	COG3044
223785	COG0713
226606	COG4121
225587	COG3045
223830	COG0759
225588	COG3046
223787	COG0715
225589	COG3047
223780	COG0708
223781	COG0709
223418	COG0341
223419	COG0342
223782	COG0710
226994	COG4647
224821	COG1909
223410	COG0333
223411	COG0334
223412	COG0335
223783	COG0711
223414	COG0337
223415	COG0338
223416	COG0339
223417	COG0340
226428	COG3914
223933	COG1001
224823	COG1911
226996	COG4649
226178	COG3652
223932	COG0864
224824	COG1912
223427	COG0350
224825	COG1913
223426	COG0349
224826	COG1914
226859	COG4452
223421	COG0344
224827	COG1915
223936	COG1004
226282	COG3759
226283	COG3760
225559	COG3014
225558	COG3013
226286	COG3763
223935	COG1003
226284	COG3761
226285	COG3762
225553	COG3008
225552	COG3007
225551	COG3006
223934	COG1002
225557	COG3012
225556	COG3011
225555	COG3010
225554	COG3009
226772	COG4322
226476	COG3967
226770	COG4320
226771	COG4321
226776	COG4326
225902	COG3367
226774	COG4324
226775	COG4325
226778	COG4328
225903	COG3368
226922	COG4549
223894	COG0824
223895	COG0825
223896	COG0826
223897	COG0827
223890	COG0820
223891	COG0821
223892	COG0822
223893	COG0823
223898	COG0828
223899	COG0829
226471	COG3962
227634	COG5324
226918	COG4544
226919	COG4545
226912	COG4537
225908	COG3373
226910	COG4535
226911	COG4536
226916	COG4541
226917	COG4542
226914	COG4539
225909	COG3374
225303	COG2501
224738	COG1825
224739	COG1826
224734	COG1821
224735	COG1822
224736	COG1823
224737	COG1824
224730	COG1817
224731	COG1818
224732	COG1819
224733	COG1820
225157	COG2248
225156	COG2247
225155	COG2246
225154	COG2245
225153	COG2244
225152	COG2243
225151	COG2242
225150	COG2241
226596	COG4111
226597	COG4112
226594	COG4109
226595	COG4110
226592	COG4107
226593	COG4108
225159	COG2250
225158	COG2249
225489	COG2938
225488	COG2937
226352	COG3831
226353	COG3832
226354	COG3833
226355	COG3835
226356	COG3836
226357	COG3837
225481	COG2929
225480	COG2928
225483	COG2931
225482	COG2930
225485	COG2933
225484	COG2932
225487	COG2936
225486	COG2935
226826	COG4391
226007	COG3476
226824	COG4389
226825	COG4390
225809	COG3270
225808	COG3269
226820	COG4385
226746	COG4296
225805	COG3266
225804	COG3265
225807	COG3268
225806	COG3267
225801	COG3262
225800	COG3261
225803	COG3264
225802	COG3263
225716	COG3175
226601	COG4116
227651	COG5347
224608	COG1694
224609	COG1695
225731	COG3190
225730	COG3189
225737	COG3196
225736	COG3195
225735	COG3194
225734	COG3193
224600	COG1686
224601	COG1687
224602	COG1688
224603	COG1689
224604	COG1690
224605	COG1691
224606	COG1692
224607	COG1693
226404	COG3887
227208	COG4871
224190	COG1271
224191	COG1272
224192	COG1273
224193	COG1274
224194	COG1275
224195	COG1276
224196	COG1277
224197	COG1278
224198	COG1279
224199	COG1280
226599	COG4114
224501	COG1585
225939	COG3404
225938	COG3403
224500	COG1584
227149	COG4812
225931	COG3396
224507	COG1591
225933	COG3398
225932	COG3397
225935	COG3400
225934	COG3399
225937	COG3402
224506	COG1590
224042	COG1117
224043	COG1118
224040	COG1115
224041	COG1116
224046	COG1121
224047	COG1122
224044	COG1119
224045	COG1120
224048	COG1123
224049	COG1124
224518	COG1602
224519	COG1603
227200	COG4863
224284	COG1365
224285	COG1366
224286	COG1367
224287	COG1368
224280	COG1361
224281	COG1362
224282	COG1363
224283	COG1364
225027	COG2116
225026	COG2115
225025	COG2114
225024	COG2113
224288	COG1369
224289	COG1370
225021	COG2110
225020	COG2109
224998	COG2087
224999	COG2088
223098	COG0019
223099	COG0020
223094	COG0015
223095	COG0016
223096	COG0017
223097	COG0018
223090	COG0011
223091	COG0012
223092	COG0013
223093	COG0014
227026	COG4681
223258	COG0180
223259	COG0181
223256	COG0178
223257	COG0179
223254	COG0176
223255	COG0177
223252	COG0174
223253	COG0175
223250	COG0172
223251	COG0173
225755	COG3214
226610	COG4125
227023	COG4678
225754	COG3213
227414	COG5082
227415	COG5083
227416	COG5084
227417	COG5085
227410	COG5078
225058	COG2147
227412	COG5080
227413	COG5081
224460	COG1543
224461	COG1544
224462	COG1545
224463	COG1546
224464	COG1547
224465	COG1548
224466	COG1549
224467	COG1550
224468	COG1551
224469	COG1552
226929	COG4559
226173	COG3647
224864	COG1953
224865	COG1954
224866	COG1955
224867	COG1956
224860	COG1949
224861	COG1950
224862	COG1951
224863	COG1952
224868	COG1957
224869	COG1958
226736	COG4286
227523	COG5196
226928	COG4558
224504	COG1588
225050	COG2139
227442	COG5111
225051	COG2140
226165	COG3639
226845	COG4421
225759	COG3218
225758	COG3217
227568	COG5243
227569	COG5244
227560	COG5235
227561	COG5236
227562	COG5237
226175	COG3649
227564	COG5239
227565	COG5240
227566	COG5241
227567	COG5242
227340	COG5007
227341	COG5008
227342	COG5009
225087	COG2176
227344	COG5011
226846	COG4422
227346	COG5013
227347	COG5014
227348	COG5015
227349	COG5016
227790	COG5503
223674	COG0601
223675	COG0602
223676	COG0603
223677	COG0604
223670	COG0597
223671	COG0598
223672	COG0599
223673	COG0600
226176	COG3650
226708	COG4257
223678	COG0605
223679	COG0606
227849	COG5562
227744	COG5457
227745	COG5458
227746	COG5459
226847	COG4423
227740	COG5453
227741	COG5454
227742	COG5455
227743	COG5456
227748	COG5461
227749	COG5462
225086	COG2175
226177	COG3651
226591	COG4106
227722	COG5435
226840	COG4409
227141	COG4804
223948	COG1017
226600	COG4115
223949	COG1018
223946	COG1014
223719	COG0646
223718	COG0645
223947	COG1015
223713	COG0640
223712	COG0639
223711	COG0638
223710	COG0637
223717	COG0644
223716	COG0643
223715	COG0642
223714	COG0641
226465	COG3956
226737	COG4287
227873	COG5586
226462	COG3953
226463	COG3954
227871	COG5584
226460	COG3951
227188	COG4851
227189	COG4852
227186	COG4849
226468	COG3959
227184	COG4847
226461	COG3952
227182	COG4845
226842	COG4413
227180	COG4843
225863	COG3326
227874	COG5587
227875	COG5588
223407	COG0330
223406	COG0329
223405	COG0328
223404	COG0327
223403	COG0326
223402	COG0325
223401	COG0324
223400	COG0323
226940	COG4574
226843	COG4416
226035	COG3504
223409	COG0332
223408	COG0331
227700	COG5413
227792	COG5505
227703	COG5416
226466	COG3957
226966	COG4607
226034	COG3503
226998	COG4651
227920	COG5633
226962	COG4603
226291	COG3768
226290	COG3767
226293	COG3770
226292	COG3769
226295	COG3772
226294	COG3771
226297	COG3774
226296	COG3773
226299	COG3776
226298	COG3775
226960	COG4597
226761	COG4311
226760	COG4310
226763	COG4313
226762	COG4312
226765	COG4315
226764	COG4314
226767	COG4317
226364	COG3845
226769	COG4319
226768	COG4318
227449	COG5119
225602	COG3060
223883	COG0813
223882	COG0812
223881	COG0811
223880	COG0810
223887	COG0817
223886	COG0816
223885	COG0815
223884	COG0814
226744	COG4294
223889	COG0819
223888	COG0818
226934	COG4568
226909	COG4533
226908	COG4531
226901	COG4518
226900	COG4517
226903	COG4520
225495	COG2944
226905	COG4525
226904	COG4521
226907	COG4530
226906	COG4529
227865	COG5578
224729	COG1816
224728	COG1815
226589	COG4104
224723	COG1810
224722	COG1809
224721	COG1808
224720	COG1807
224727	COG1814
224726	COG1813
224725	COG1812
224724	COG1811
225122	COG2212
225123	COG2213
225120	COG2210
225121	COG2211
225126	COG2216
225127	COG2217
225124	COG2214
225125	COG2215
226585	COG4100
226584	COG4099
225128	COG2218
225129	COG2219
226581	COG4096
226580	COG4095
226583	COG4098
226582	COG4097
226848	COG4424
226619	COG4135
226618	COG4134
226349	COG3828
226348	COG3827
226347	COG3826
226346	COG3825
226345	COG3824
226344	COG3823
226343	COG3822
226342	COG3821
226341	COG3820
226340	COG3819
225838	COG3301
225839	COG3302
226837	COG4403
226836	COG4402
226831	COG4396
226830	COG4395
226833	COG4398
226832	COG4397
225830	COG3293
225831	COG3294
225832	COG3295
225833	COG3296
225834	COG3297
225835	COG3298
225836	COG3299
225837	COG3300
224617	COG1703
224616	COG1702
224615	COG1701
224614	COG1700
224613	COG1699
224612	COG1698
224611	COG1697
224610	COG1696
226827	COG4392
226567	COG4081
226149	COG3622
224619	COG1705
224618	COG1704
226997	COG4650
226032	COG3501
225580	COG3038
225581	COG3039
225582	COG3040
225583	COG3041
225584	COG3042
225585	COG3043
225238	COG2363
225239	COG2364
225236	COG2361
225237	COG2362
225234	COG2359
225235	COG2360
225232	COG2357
225233	COG2358
225230	COG2355
225231	COG2356
225904	COG3369
225905	COG3370
225906	COG3371
225907	COG3372
225900	COG3365
225901	COG3366
224189	COG1270
224188	COG1269
224187	COG1268
224186	COG1267
224185	COG1266
224184	COG1264
224183	COG1263
224182	COG1262
224181	COG1261
224180	COG1260
226134	COG3607
226931	COG4565
226135	COG3608
225339	COG2718
226136	COG3609
225302	COG2469
224051	COG1126
224050	COG1125
224053	COG1129
224052	COG1127
224055	COG1132
224054	COG1131
224057	COG1134
224056	COG1133
224059	COG1136
224058	COG1135
224509	COG1593
224508	COG1592
226588	COG4103
226367	COG3848
226131	COG3603
224293	COG1374
224292	COG1373
224291	COG1372
224290	COG1371
224297	COG1379
224296	COG1378
224295	COG1377
224294	COG1376
225052	COG2141
225053	COG2142
224299	COG1381
224298	COG1380
225056	COG2145
225057	COG2146
225054	COG2143
225055	COG2144
223089	COG0010
223088	COG0009
223083	COG0004
223082	COG0003
223081	COG0002
223080	COG0001
223087	COG0008
223086	COG0007
223085	COG0006
223084	COG0005
225492	COG2941
226145	COG3618
223249	COG0171
223248	COG0170
225493	COG2942
223245	COG0167
223244	COG0166
223247	COG0169
223246	COG0168
223241	COG0163
223240	COG0162
223243	COG0165
223242	COG0164
227409	COG5077
225491	COG2940
226985	COG4638
225496	COG2945
227401	COG5069
227400	COG5068
227407	COG5075
227406	COG5074
227405	COG5073
225497	COG2946
226144	COG3617
225494	COG2943
224479	COG1563
224478	COG1562
224477	COG1561
224476	COG1560
224475	COG1559
224474	COG1558
224473	COG1556
224472	COG1555
224471	COG1554
224470	COG1553
224873	COG1962
224872	COG1961
224871	COG1960
224870	COG1959
224877	COG1966
224876	COG1965
224875	COG1964
224874	COG1963
224879	COG1968
224878	COG1967
226179	COG3653
226147	COG3620
226366	COG3847
225600	COG3058
226401	COG3884
227576	COG5251
227575	COG5250
227574	COG5249
227573	COG5248
227572	COG5247
227571	COG5246
227570	COG5245
225099	COG2188
227938	COG5651
226146	COG3619
227579	COG5254
227578	COG5253
224987	COG2076
224986	COG2075
224985	COG2074
224984	COG2073
224983	COG2072
224982	COG2071
224981	COG2070
224980	COG2069
224989	COG2078
224988	COG2077
227577	COG5252
227359	COG5026
227358	COG5025
227357	COG5024
227356	COG5023
227355	COG5022
226141	COG3614
227353	COG5020
227352	COG5019
227351	COG5018
227350	COG5017
223663	COG0590
223662	COG0589
223661	COG0588
223660	COG0587
223667	COG0594
223666	COG0593
223665	COG0592
223664	COG0591
223669	COG0596
223668	COG0595
227753	COG5466
227752	COG5465
227751	COG5464
227750	COG5463
227757	COG5470
227756	COG5469
227755	COG5468
226938	COG4572
226140	COG3613
227759	COG5472
227758	COG5471
227906	COG5619
227886	COG5599
227904	COG5617
227277	COG4941
226939	COG4573
226143	COG3616
226882	COG4476
227902	COG5615
226957	COG4591
227903	COG5616
227900	COG5613
227901	COG5614
226142	COG3615
227082	COG4739
226954	COG4588
227592	COG5267
226747	COG4297
227199	COG4862
227198	COG4861
226402	COG3885
227195	COG4858
227194	COG4857
227197	COG4860
227196	COG4859
227191	COG4854
227190	COG4853
227193	COG4856
227192	COG4855
225726	COG3185
226028	COG3497
223472	COG0395
223473	COG0396
223470	COG0393
223471	COG0394
223476	COG0399
223477	COG0400
223474	COG0397
223475	COG0398
225089	COG2178
223478	COG0401
223479	COG0402
225088	COG2177
227895	COG5608
226029	COG3498
227473	COG5144
224635	COG1721
227470	COG5141
224634	COG1720
225090	COG2179
226829	COG4394
224637	COG1723
223988	COG1060
223989	COG1061
226953	COG4587
227297	COG4962
223982	COG1054
223983	COG1055
223980	COG1052
223981	COG1053
223986	COG1058
223987	COG1059
223984	COG1056
223985	COG1057
224633	COG1719
225091	COG2180
224632	COG1718
226849	COG4425
227293	COG4957
226844	COG4420
225039	COG2128
226758	COG4308
226759	COG4309
223508	COG0431
223509	COG0432
223506	COG0429
223507	COG0430
223504	COG0427
223505	COG0428
223502	COG0425
223503	COG0426
223500	COG0423
223501	COG0424
226515	COG4028
223878	COG0807
223879	COG0809
223876	COG0805
223877	COG0806
223874	COG0803
223875	COG0804
223872	COG0801
223873	COG0802
223870	COG0799
223871	COG0800
226008	COG3477
226951	COG4585
227354	COG5021
226510	COG4023
226009	COG3478
226511	COG4024
226433	COG3919
225647	COG3105
226432	COG3918
225646	COG3104
226435	COG3921
227299	COG4964
227793	COG5506
225645	COG3103
226434	COG3920
225131	COG2221
225130	COG2220
225133	COG2223
225132	COG2222
225135	COG2225
225134	COG2224
225137	COG2227
224807	COG1895
225139	COG2230
225138	COG2229
226436	COG3923
225642	COG3100
226628	COG4148
226000	COG3469
226338	COG3817
226339	COG3818
225641	COG3099
226001	COG3470
226332	COG3811
226333	COG3812
226330	COG3808
225640	COG3098
226336	COG3815
226002	COG3471
226334	COG3813
226335	COG3814
226800	COG4354
226801	COG4357
226802	COG4359
226003	COG3472
226804	COG4362
226805	COG4365
226806	COG4367
226807	COG4370
226808	COG4371
226004	COG3473
227640	COG5333
224801	COG1889
226005	COG3474
224662	COG1748
224663	COG1749
224660	COG1746
224661	COG1747
224666	COG1752
224667	COG1753
224664	COG1750
224665	COG1751
224668	COG1754
224669	COG1755
227563	COG5238
227006	COG4659
227185	COG4848
226246	COG3723
226247	COG3724
226244	COG3721
226245	COG3722
225229	COG2354
225228	COG2353
225599	COG3057
225598	COG3056
225225	COG2350
225224	COG2348
225227	COG2352
225226	COG2351
225221	COG2344
225220	COG2343
225223	COG2346
225222	COG2345
225913	COG3378
225912	COG3377
225911	COG3376
225910	COG3375
225917	COG3382
225916	COG3381
225915	COG3380
225914	COG3379
227867	COG5580
225919	COG3384
225918	COG3383
227785	COG5498
227921	COG5634
224068	COG1145
224069	COG1146
224064	COG1141
224065	COG1142
224066	COG1143
224067	COG1144
224060	COG1137
224061	COG1138
224062	COG1139
224063	COG1140
225049	COG2138
225048	COG2137
225825	COG3287
225824	COG3286
225823	COG3285
225822	COG3284
224268	COG1349
224269	COG1350
224266	COG1347
224267	COG1348
224264	COG1345
224265	COG1346
224262	COG1343
224263	COG1344
224260	COG1341
224261	COG1342
224086	COG1164
224087	COG1165
224084	COG1162
224085	COG1163
224082	COG1160
224083	COG1161
224080	COG1158
224081	COG1159
224088	COG1166
224089	COG1167
223278	COG0200
223279	COG0201
226793	COG4343
226958	COG4592
223270	COG0192
223271	COG0193
223272	COG0194
223273	COG0195
223274	COG0196
223275	COG0197
223276	COG0198
223277	COG0199
227181	COG4844
227222	COG4885
226797	COG4347
225533	COG2986
226897	COG4508
224408	COG1491
224409	COG1492
224402	COG1485
224403	COG1486
224400	COG1483
224401	COG1484
224406	COG1489
224407	COG1490
224404	COG1487
224405	COG1488
223182	COG0104
223183	COG0105
223180	COG0102
223181	COG0103
223186	COG0108
223187	COG0109
223184	COG0106
223185	COG0107
224886	COG1975
224887	COG1976
223188	COG0110
223189	COG0111
224882	COG1971
224883	COG1972
224880	COG1969
224881	COG1970
227692	COG5405
227693	COG5406
227690	COG5403
227691	COG5404
227696	COG5409
227697	COG5410
227694	COG5407
227695	COG5408
227698	COG5411
227699	COG5412
226157	COG3630
227000	COG4653
227503	COG5176
227500	COG5173
227501	COG5174
226720	COG4270
227507	COG5180
227504	COG5177
227505	COG5178
227731	COG5444
227508	COG5181
227509	COG5182
227389	COG5056
227617	COG5298
224316	COG1398
224317	COG1399
224314	COG1396
224315	COG1397
224312	COG1394
224313	COG1395
224310	COG1392
224311	COG1393
226154	COG3627
224318	COG1400
224319	COG1401
227328	COG4995
227329	COG4996
227322	COG4989
227323	COG4990
227320	COG4987
227321	COG4988
227326	COG4993
227327	COG4994
225301	COG2461
227325	COG4992
227123	COG4784
223698	COG0625
223699	COG0626
223696	COG0623
223697	COG0624
223694	COG0621
223695	COG0622
223692	COG0619
223693	COG0620
223690	COG0617
223691	COG0618
225030	COG2119
225031	COG2120
227218	COG4881
227219	COG4882
227216	COG4879
226152	COG3625
227214	COG4877
227215	COG4878
227212	COG4875
226578	COG4093
227210	COG4873
227211	COG4874
227036	COG4692
226642	COG4174
227034	COG4690
227035	COG4691
227032	COG4688
224686	COG1772
227030	COG4685
226315	COG3792
224687	COG1773
226218	COG3694
227038	COG4694
227039	COG4695
224688	COG1774
226317	COG3794
224689	COG1775
226310	COG3787
225936	COG3401
226311	COG3788
227206	COG4869
226644	COG4176
227440	COG5109
226645	COG4177
225445	COG2892
226150	COG3623
225444	COG2891
225447	COG2894
225446	COG2893
226755	COG4305
225441	COG2887
225440	COG2886
223461	COG0384
223460	COG0383
223463	COG0386
223462	COG0385
223465	COG0388
223464	COG0387
223467	COG0390
223466	COG0389
223469	COG0392
223468	COG0391
225442	COG2888
226643	COG4175
226221	COG3697
225300	COG2457
226729	COG4279
223999	COG1073
223998	COG1072
223991	COG1063
223990	COG1062
223993	COG1066
223992	COG1064
223995	COG1069
223994	COG1067
223997	COG1071
223996	COG1070
226725	COG4275
226724	COG4274
226727	COG4277
226749	COG4299
226726	COG4276
223519	COG0442
223518	COG0441
223515	COG0438
223514	COG0437
223517	COG0440
223516	COG0439
223511	COG0434
223510	COG0433
223513	COG0436
223512	COG0435
227952	COG5665
223869	COG0798
223868	COG0797
223865	COG0794
223864	COG0793
223867	COG0796
223866	COG0795
223861	COG0790
223860	COG0789
223863	COG0792
223862	COG0791
227446	COG5116
227821	COG5534
227877	COG5590
225698	COG3156
225699	COG3157
227619	COG5302
225694	COG3152
225695	COG3153
225696	COG3154
225697	COG3155
225690	COG3148
225691	COG3149
225692	COG3150
225693	COG3151
226637	COG4167
226607	COG4122
226635	COG4161
226634	COG4160
225108	COG2198
225109	COG2199
225458	COG2906
225459	COG2907
225104	COG2193
225105	COG2194
225106	COG2195
225107	COG2197
225100	COG2189
225101	COG2190
225102	COG2191
225103	COG2192
226329	COG3807
226328	COG3806
226254	COG3731
227399	COG5067
226321	COG3799
226320	COG3798
226323	COG3801
226322	COG3800
226325	COG3803
226324	COG3802
226327	COG3805
226326	COG3804
227243	COG4906
227720	COG5433
226819	COG4384
226818	COG4383
226817	COG4382
226816	COG4381
226815	COG4380
226814	COG4379
226813	COG4378
226812	COG4377
226811	COG4374
226810	COG4373
224671	COG1757
224670	COG1756
224673	COG1759
224672	COG1758
224675	COG1761
224674	COG1760
224677	COG1763
224676	COG1762
224679	COG1765
224678	COG1764
226948	COG4582
227922	COG5635
227059	COG4715
225218	COG2340
225219	COG2342
226257	COG3734
226228	COG3705
226251	COG3728
226250	COG3727
226253	COG3730
226252	COG3729
225210	COG2331
225211	COG2332
225212	COG2333
225213	COG2334
225214	COG2335
225215	COG2336
225216	COG2337
225217	COG2339
225098	COG2187
227770	COG5483
227033	COG4689
226229	COG3706
227817	COG5530
227915	COG5628
227924	COG5637
225074	COG2163
225075	COG2164
224079	COG1157
224078	COG1156
225070	COG2159
225071	COG2160
225072	COG2161
225073	COG2162
224073	COG1151
224072	COG1150
224071	COG1149
224070	COG1148
224077	COG1155
224076	COG1154
224075	COG1153
224074	COG1152
225676	COG3134
225603	COG3061
225674	COG3132
225675	COG3133
224279	COG1360
224278	COG1359
225670	COG3128
225671	COG3129
224275	COG1356
224274	COG1355
224277	COG1358
224276	COG1357
224271	COG1352
224270	COG1351
224273	COG1354
224272	COG1353
224095	COG1174
224094	COG1173
223265	COG0187
224096	COG1175
223263	COG0185
224090	COG1168
224093	COG1172
223260	COG0182
224099	COG1178
224098	COG1177
223269	COG0191
223268	COG0190
227654	COG5351
226893	COG4496
226892	COG4495
226112	COG3584
226113	COG3585
227367	COG5034
226059	COG3528
224419	COG1502
224418	COG1501
226058	COG3527
224411	COG1494
224410	COG1493
224413	COG1496
224412	COG1495
224415	COG1498
224414	COG1497
224417	COG1500
224416	COG1499
223191	COG0113
223190	COG0112
223193	COG0115
223192	COG0114
223195	COG0117
223194	COG0116
223197	COG0119
223196	COG0118
223199	COG0121
223198	COG0120
224897	COG1986
224896	COG1985
224891	COG1980
224890	COG1979
224893	COG1982
224892	COG1981
227681	COG5393
226053	COG3522
227683	COG5395
227682	COG5394
227685	COG5398
226899	COG4512
227687	COG5400
226052	COG3521
227689	COG5402
227688	COG5401
226898	COG4509
227343	COG5010
226051	COG3520
227511	COG5184
226549	COG4063
227513	COG5186
226050	COG3519
227515	COG5188
227514	COG5187
227517	COG5190
227516	COG5189
227519	COG5192
226057	COG3526
226056	COG3525
224305	COG1387
224304	COG1386
224307	COG1389
224306	COG1388
224301	COG1383
224300	COG1382
224303	COG1385
224302	COG1384
226054	COG3523
224309	COG1391
224308	COG1390
227339	COG5006
227338	COG5005
226638	COG4168
226750	COG4300
227331	COG4998
227330	COG4997
227333	COG5000
227332	COG4999
227335	COG5002
227334	COG5001
227337	COG5004
227336	COG5003
224631	COG1717
223689	COG0616
223688	COG0615
226269	COG3746
223685	COG0612
223684	COG0611
223687	COG0614
223686	COG0613
223681	COG0608
223680	COG0607
223683	COG0610
223682	COG0609
226542	COG4056
225991	COG3460
226545	COG4059
224630	COG1716
223803	COG0731
227209	COG4872
226547	COG4061
223802	COG0730
227205	COG4868
227204	COG4867
227207	COG4870
226546	COG4060
227201	COG4864
223801	COG0729
227203	COG4866
227202	COG4865
227025	COG4680
227024	COG4679
227027	COG4682
223800	COG0728
227021	COG4676
227020	COG4675
226474	COG3965
227022	COG4677
227804	COG5517
223807	COG0736
227029	COG4684
227028	COG4683
223806	COG0735
224918	COG2007
223805	COG0733
227812	COG5525
223804	COG0732
226538	COG4052
226318	COG3795
227408	COG5076
226350	COG3829
226319	COG3797
225994	COG3463
223458	COG0381
223459	COG0382
223454	COG0377
223455	COG0378
223456	COG0379
223457	COG0380
223450	COG0373
223451	COG0374
223452	COG0375
223453	COG0376
227393	COG5061
227392	COG5059
225990	COG3459
227390	COG5057
226439	COG3926
227397	COG5065
227396	COG5064
226752	COG4302
227395	COG5063
319244	COG5272
227394	COG5062
223528	COG0451
223529	COG0452
226248	COG3725
226587	COG4102
223520	COG0443
223521	COG0444
223522	COG0445
223523	COG0446
223524	COG0447
223525	COG0448
223526	COG0449
223527	COG0450
223858	COG0787
223859	COG0788
223850	COG0779
223851	COG0780
223852	COG0781
223853	COG0782
223854	COG0783
223855	COG0784
223856	COG0785
223857	COG0786
226790	COG4340
226791	COG4341
226792	COG4342
225727	COG3186
226794	COG4344
226795	COG4345
226796	COG4346
225062	COG2151
226798	COG4352
226799	COG4353
224747	COG1834
227887	COG5600
225689	COG3147
225060	COG2149
227161	COG4824
225683	COG3141
225682	COG3140
225681	COG3139
225680	COG3138
225687	COG3145
225686	COG3144
225685	COG3143
225684	COG3142
226314	COG3791
225720	COG3179
225119	COG2209
225118	COG2208
225449	COG2896
225448	COG2895
226312	COG3789
226313	COG3790
225113	COG2203
225112	COG2202
225111	COG2201
225110	COG2200
225117	COG2207
225116	COG2206
225115	COG2205
225114	COG2204
226484	COG3976
226485	COG3977
226486	COG3978
226487	COG3979
226480	COG3971
226481	COG3972
226482	COG3973
226483	COG3975
226603	COG4118
227880	COG5593
226488	COG3980
226489	COG3981
225721	COG3180
226868	COG4461
226869	COG4463
226862	COG4455
226863	COG4456
226860	COG4453
226861	COG4454
226866	COG4459
226867	COG4460
226864	COG4457
226865	COG4458
224648	COG1734
224649	COG1735
224644	COG1730
224645	COG1731
224646	COG1732
224647	COG1733
224640	COG1726
224641	COG1727
224642	COG1728
224643	COG1729
225207	COG2326
225206	COG2324
225205	COG2323
225204	COG2322
225203	COG2321
225202	COG2320
225201	COG2319
225200	COG2318
225667	COG3125
225209	COG2329
225208	COG2327
226260	COG3737
226261	COG3738
226262	COG3739
225666	COG3124
226264	COG3741
226265	COG3742
226266	COG3743
226267	COG3744
226268	COG3745
225845	COG3308
225660	COG3118
226457	COG3948
225847	COG3310
226456	COG3947
225846	COG3309
226455	COG3946
224792	COG1880
226454	COG3945
224793	COG1881
226453	COG3944
224790	COG1878
226452	COG3943
225063	COG2152
224742	COG1829
225061	COG2150
224791	COG1879
225067	COG2156
225066	COG2155
225065	COG2154
225064	COG2153
226076	COG3546
224796	COG1884
225069	COG2158
225068	COG2157
224797	COG1885
224248	COG1329
224249	COG1330
224798	COG1886
224799	COG1887
225661	COG3119
224794	COG1882
225663	COG3121
225662	COG3120
224240	COG1321
224241	COG1322
224242	COG1323
224243	COG1324
224244	COG1325
224245	COG1326
224246	COG1327
224247	COG1328